{
    "Fullmetal Alchemist: Brotherhood": "鋼の錬金術師 FULLMETAL ALCHEMIST",
    "Gintama°": "銀魂°",
    "Steins;Gate": "シュタインズ・ゲート",
    "Gintama'": "銀魂'",
    "Haikyuu!!: Karasuno Koukou VS Shiratorizawa Gakuen Koukou": "ハイキュー!! 烏野高校 VS 白鳥沢学園高校",
    "Hunter x Hunter (2011)": "HUNTER×HUNTER (2011)",
    "Gintama': Enchousen": "銀魂' 延長戦",
    "Clannad: After Story": "CLANNAD AFTER STORY",
    "Gintama": "銀魂",
    "Code Geass: Hangyaku no Lelouch R2": "コードギアス 反逆のルルーシュ R2",
    "Haikyuu!! Second Season": "ハイキュー!! セカンドシーズン",
    "Shigatsu wa Kimi no Uso": "四月は君の嘘",
    "Mushishi Zoku Shou 2nd Season": "蟲師 続章 2nd Season",
    "Code Geass: Hangyaku no Lelouch": "コードギアス 反逆のルルーシュ",
    "Hajime no Ippo": "はじめの一歩",
    "Cowboy Bebop": "カウボーイビバップ",
    "One Punch Man": "ワンパンマン",
    "Monogatari Series: Second Season": "〈物語〉シリーズ セカンドシーズン",
    "Mushishi Zoku Shou": "蟲師 続章",
    "Mushishi": "蟲師",
    "Tengen Toppa Gurren Lagann": "天元突破グレンラガン",
    "Great Teacher Onizuka": "グレート・ティーチャー・オニヅカ",
    "Natsume Yuujinchou Go": "夏目友人帳 伍",
    "Hajime no Ippo: New Challenger": "はじめの一歩 New Challenger",
    "Natsume Yuujinchou Shi": "夏目友人帳 肆",
    "Fate/Zero 2nd Season": "Fate/Zero 2ndシーズン",
    "Monster": "モンスター",
    "Bakuman. 3rd Season": "バクマン。3rdシーズン",
    "Death Note": "DEATH NOTE",
    "Ansatsu Kyoushitsu (TV) 2nd Season": "暗殺教室 2ndシーズン",
    "Haikyuu!!": "ハイキュー!!",
    "Hajime no Ippo: Rising": "はじめの一歩 Rising",
    "Natsume Yuujinchou San": "夏目友人帳 参",
    "Ping Pong The Animation": "ピンポン THE ANIMATION",
    "Boku dake ga Inai Machi": "僕だけがいない街",
    "Yojouhan Shinwa Taikei": "四畳半神話大系",
    "Aria The Origination": "ARIA The ORIGINATION",
    "Rainbow: Nisha Rokubou no Shichinin": "RAINBOW 二舎六房の七人",
    "Re:Zero kara Hajimeru Isekai Seikatsu": "Re:ゼロから始める異世界生活",
    "Zoku Natsume Yuujinchou": "続 夏目友人帳"
    }