{
    "Drifters": "ドリフターズ",
    "Keroro Gunsou": "ケロロ軍曹",
    "Lupin III: Part II": "ルパン三世 PARTII",
    "Mobile Suit Gundam Seed": "機動戦士ガンダムSEED",
    "Paradise Kiss": "パラダイス・キス",
    "Saraiya Goyou": "さらい屋五葉",
    "Slayers Try": "スレイヤーズTRY",
    "Wolf's Rain": "ウルフズ・レイン",
    "Ao no Exorcist": "青の祓魔師",
    "Claymore": "クレイモア",
    "Golden Time": "ゴールデンタイム",
    "Hayate no Gotoku!!": "ハヤテのごとく!!",
    "Jinrui wa Suitai Shimashita": "人類は衰退しました",
    "Pandora Hearts": "パンドラハーツ",
    "Capeta": "カペタ",
    "Charlotte": "シャーロット",
    "City Hunter '91": "シティーハンター'91",
    "Nisekoi": "ニセコイ",
    "Pokemon XY&Z": "ポケットモンスター XY&Z",
    "Yamada-kun to 7-nin no Majo (TV)": "山田くんと7人の魔女",
    "Aoi Bungaku Series": "青い文学シリーズ",
    "Bokura wa Minna Kawaisou": "僕らはみんな河合荘",
    "Chi's Sweet Home: Atarashii Ouchi": "チーズスイートホーム あたらしいおうち",
    "Ginga Tetsudou 999": "銀河鉄道999",
    "Hana yori Dango": "花より男子",
    "Hanasakeru Seishounen": "花咲ける青少年",
    "Hidamari Sketch x 365": "ひだまりスケッチ×365",
    "Ie Naki Ko": "家なき子",
    "Michiko to Hatchin": "ミチコとハッチン",
    "Sexy Commando Gaiden: Sugoiyo!! Masaru-san": "セクシーコマンドー外伝 すごいよ!!マサルさん",
    "Tegamibachi Reverse": "テガミバチ REVERSE",
    "Ao Haru Ride": "アオハライド",
    "Bishoujo Senshi Sailor Moon S": "美少女戦士セーラームーン S",
    "Digimon Adventure": "デジモンアドベンチャー",
    "Heartcatch Precure!": "ハートキャッチプリキュア!",
    "InuYasha": "犬夜叉",
    "Mobile Suit Gundam": "機動戦士ガンダム",
    "Yamato Nadeshiko Shichihenge♥": "ヤマトナデシコ七変化♥",
    "Another": "アナザー",
    "Arslan Senki (TV)": "アルスラーン戦記"
    }