{
    "Binbougami ga!": "貧乏神が！",
    "Dungeon ni Deai wo Motomeru no wa Machigatteiru Darou ka": "ダンジョンに出会いを求めるのは間違っているだろうか",
    "Kyou kara Maou!": "今日からマ王！",
    "Kyoukai no Kanata": "境界の彼方",
    "Oniisama e...": "おにいさまへ…",
    "The Law of Ueki": "うえきの法則",
    "Danganronpa 3: The End of Kibougamine Gakuen - Mirai-hen": "ダンガンロンパ3 -The End of 希望ヶ峰学園- 未来編",
    "Hai to Gensou no Grimgar": "灰と幻想のグリムガル",
    "High School DxD New": "ハイスクールD×D NEW",
    "K-On!": "けいおん！",
    "Lucky☆Star": "らき☆すた",
    "Mobile Suit Gundam Wing": "新機動戦記ガンダムW",
    "Ranma ½": "らんま½",
    "Sidonia no Kishi": "シドニアの騎士",
    "Slayers": "スレイヤーズ",
    "Soukou Kihei Votoms": "装甲騎兵ボトムズ",
    "Tantei Gakuen Q": "探偵学園Q",
    "Toaru Kagaku no Railgun": "とある科学の超電磁砲",
    "Uchuu Kaizoku Captain Harlock": "宇宙海賊キャプテンハーロック",
    "Watashi no Ashinaga Ojisan": "私のあしながおじさん",
    "Chibi Maruko-chan": "ちびまる子ちゃん",
    "Genshiken 2": "げんしけん2",
    "Seikai no Senki": "星界の戦旗",
    "Sora no Otoshimono: Forte": "そらのおとしものf",
    "Space☆Dandy": "スペース☆ダンディ",
    "Arakawa Under the Bridge x Bridge": "荒川アンダー ザ ブリッジ×ブリッジ",
    "Elfen Lied": "エルフェンリート",
    "Hello! Lady Lynn": "ハロー!レディリン",
    "Kimi to Boku.": "君と僕。",
    "Maria-sama ga Miteru: Haru": "マリア様がみてる〜春〜",
    "Mondaiji-tachi ga Isekai kara Kuru Sou Desu yo?": "問題児たちが異世界から来るそうですよ？",
    "Romeo x Juliet": "ロミオ×ジュリエット",
    "Akame ga Kill!": "アカメが斬る！",
    "AKB0048: Next Stage": "AKB0048 next stage",
    "Hoozuki no Reitetsu": "鬼灯の冷徹",
    "Owari no Seraph: Nagoya Kessen-hen": "終わりのセラフ 名古屋決戦編",
    "Seitokai Yakuindomo*": "生徒会役員共＊",
    "Space Cobra": "スペースコブラ",
    "Toaru Majutsu no Index II": "とある魔術の禁書目録Ⅱ",
    "Tsuritama": "つり球"
    }