{
    "Baka to Test to Shoukanjuu": "バカとテストと召喚獣",
    "Chi's Sweet Home": "チーズスイートホーム",
    "Densetsu no Yuusha no Densetsu": "伝説の勇者の伝説",
    "Seikai no Monshou": "星界の紋章",
    "Shaman King": "シャーマンキング",
    "Sword Art Online": "ソードアート・オンライン",
    "Tetsuwan Birdy Decode:02": "鉄腕バーディー DECODE:02",
    "Bishoujo Senshi Sailor Moon Crystal Season III": "美少女戦士セーラームーンCrystal Season III",
    "Bokurano": "ぼくらの",
    "Hakkenden: Touhou Hakken Ibun 2nd Season": "八犬伝 -東方八犬異聞- 2ndシーズン",
    "K: Return of Kings": "K RETURN OF KINGS",
    "Kochira Katsushikaku Kameari Kouenmae Hashutsujo (TV)": "こちら葛飾区亀有公園前派出所",
    "Mitsudomoe Zouryouchuu!": "みつどもえ 増量中!",
    "To LOVE-Ru Darkness": "To LOVEる -とらぶる- ダークネス",
    "Working!!": "ワーキング!!",
    "Yume-iro Pâtissière SP Professional": "夢色パティシエールSPプロフェッショナル",
    "Daa! Daa! Daa!": "だぁ！だぁ！だぁ！",
    "Eikoku Koi Monogatari Emma": "英国恋物語エマ",
    "Full Metal Panic!": "フルメタル・パニック！",
    "Guilty Crown": "ギルティクラウン",
    "Ima, Soko ni Iru Boku": "今、そこにいる僕",
    "Jigoku Shoujo Mitsuganae": "地獄少女 三鼎",
    "Lupin the Third: Mine Fujiko to Iu Onna": "LUPIN the Third ～峰不二子という女～",
    "Minami-ke": "みなみけ",
    "Naruto": "NARUTO -ナルト-",
    "New Game!": "NEW GAME!",
    "Blood+": "ブラッドプラス",
    "Chrno Crusade": "クロノクルセイド",
    "Fruits Basket": "フルーツバスケット",
    "Gakuen Alice": "学園アリス",
    "Hourou Musuko": "放浪息子",
    "Shoukoujo Sara": "小公女セーラ",
    "Soredemo Sekai wa Utsukushii": "それでも世界は美しい",
    "Tenkuu no Escaflowne": "天空のエスカフローネ",
    "To LOVE-Ru Darkness 2nd": "To LOVEる -とらぶる- ダークネス2nd",
    "Tokyo Ravens": "東京レイヴンズ",
    "Aria The Animation": "ARIA The ANIMATION",
    "Dragon Quest: Dai no Daibouken": "ドラゴンクエスト ダイの大冒険",
    "Jigoku Shoujo": "地獄少女",
    "Nobunaga Concerto": "信長協奏曲"
    }