{
    "Panty & Stocking with Garterbelt": "パンティ＆ストッキングwithガーターベルト",
    "Poyopoyo Kansatsu Nikki": "ぽよぽよ観察日記",
    "Pretty Rhythm: Rainbow Live": "プリティーリズム・レインボーライブ",
    "Servant x Service": "サーバント×サービス",
    "Shakugan no Shana II (Second)": "灼眼のシャナII (Second)",
    "Ajin": "亜人",
    "Ga-Rei: Zero": "喰霊-零-",
    "Kore wa Zombie Desu ka? of the Dead": "これはゾンビですか？ オブ・ザ・デッド",
    "Minami-ke Tadaima": "みなみけ ただいま",
    "Nurarihyon no Mago": "ぬらりひょんの孫",
    "Orange": "orange-オレンジ-",
    "Over Drive": "OVER DRIVE",
    "Rakudai Kishi no Cavalry": "落第騎士の英雄譚（キャバルリィ）",
    "Rozen Maiden: Träumend": "ローゼンメイデン トロイメント",
    "Special A": "S・A～スペシャル・エー～",
    "Texhnolyze": "テクノライズ",
    "Urusei Yatsura": "うる星やつら",
    "Utawarerumono": "うたわれるもの",
    "Black Jack 21": "ブラック・ジャック21",
    "Fushigi Yuugi": "ふしぎ遊戯",
    "Ichigo Mashimaro": "苺ましまろ",
    "Shingeki no Bahamut: Genesis": "神撃のバハムート GENESIS",
    "Tonari no Kaibutsu-kun": "となりの怪物くん",
    "Zero no Tsukaima F": "ゼロの使い魔F",
    "Bungou Stray Dogs": "文豪ストレイドッグス",
    "Doraemon (1979)": "ドラえもん (1979)",
    "Genshiken": "げんしけん",
    "Hakuouki Hekketsuroku": "薄桜鬼 碧血録",
    "Itazura na Kiss": "イタズラなKiss",
    "Lupin III": "ルパン三世",
    "Mahouka Koukou no Rettousei": "魔法科高校の劣等生",
    "Majin Tantei Nougami Neuro": "魔人探偵 脳噛ネウロ",
    "Master Keaton": "マスターキートン",
    "No.6": "NO.6【ノー・シックス】",
    "Senjou no Valkyria": "戦場のヴァルキュリア",
    "Tegamibachi": "テガミバチ",
    "Turn A Gundam": "∀ガンダム",
    "D-Frag!": "ディーふらぐ！",
    "Go! Princess Precure": "Go! プリンセスプリキュア",
    "Hayate no Gotoku!": "ハヤテのごとく!"
    }