{
    "Kanojo to Kanojo no Neko: Everything Flows": "彼女と彼女の猫 -Everything Flows-",
    "Mahoujin Guru Guru": "魔法陣グルグル",
    "The iDOLM@STER": "アイドルマスター",
    "Trapp Ikka Monogatari": "トラップ一家物語",
    "World Trigger": "ワールドトリガー",
    "Yuusha-Ou GaoGaiGar Final Grand Glorious Gathering": "勇者王ガオガイガーFINAL Grand Glorious Gathering",
    "Bishoujo Senshi Sailor Moon R": "美少女戦士セーラームーンR",
    "Black Jack (TV)": "ブラックジャック (TV)",
    "Hungry Heart: Wild Striker": "ハングリーハート Wild Striker",
    "Kekkai Sensen": "血界戦線",
    "Mahou Shoujo Lyrical Nanoha StrikerS": "魔法少女リリカルなのはStrikerS",
    "Mousou Dairinin": "妄想代理人",
    "Noein: Mou Hitori no Kimi e": "ノエイン もうひとりの君へ",
    "Sengoku Basara Two": "戦国BASARA Two",
    "Shakugan no Shana": "灼眼のシャナ",
    "Soukyuu no Fafner: Dead Aggressor - Exodus 2nd Season": "蒼穹のファフナー Dead Aggressor -EXODUS- 2nd Season",
    "Taiyou no Ko Esteban": "太陽の子エステバン",
    "Toriko": "トリコ",
    "Crayon Shin-chan": "クレヨンしんちゃん",
    "Flip Flappers": "フリップフラッパーズ",
    "GetBackers": "ゲットバッカーズ",
    "K": "K",
    "Kekkaishi": "結界師",
    "Lady Lady!!": "レディレディ!!",
    "Mitsudomoe": "みつどもえ",
    "Shakugan no Shana III (Final)": "灼眼のシャナIII -Final-",
    "Uchuu Senkan Yamato": "宇宙戦艦ヤマト",
    "Wakakusa Monogatari: Nan to Jo-sensei": "若草物語 ナンとジョー先生",
    "Zero no Tsukaima: Futatsuki no Kishi": "ゼロの使い魔 ～双月の騎士～",
    "Inazuma Eleven": "イナズマイレブン",
    "Kyoukaisenjou no Horizon II": "境界線上のホライゾンII",
    "Mobile Police Patlabor: On Television": "機動警察パトレイバー ON TELEVISION",
    "Mujin Wakusei Survive": "無人惑星サヴァイヴ",
    "Arakawa Under the Bridge": "荒川アンダー ザ ブリッジ",
    "Bishoujo Senshi Sailor Moon": "美少女戦士セーラームーン",
    "Gakkou no Kaidan": "学校の怪談",
    "Gakkougurashi!": "がっこうぐらし！",
    "Gensoumaden Saiyuuki": "幻想魔伝 最遊記",
    "Giant Killing": "ジャイアントキリング",
    "High School DxD BorN": "ハイスクールD×D BorN"
    }