{
    "Mainichi Kaasan": "毎日かあさん",
    "Seitokai Yakuindomo": "生徒会役員共",
    "Shounen Onmyouji": "少年陰陽師",
    "Sukitte Ii na yo.": "好きっていいなよ。",
    "Ushio to Tora (TV)": "うしおととら",
    "Ano Natsu de Matteru": "あの夏で待ってる",
    "Arslan Senki (TV): Fuujin Ranbu": "アルスラーン戦記 風塵乱舞",
    "Boku wa Tomodachi ga Sukunai Next": "僕は友達が少ない NEXT",
    "High School DxD": "ハイスクールD×D",
    "Ike! Ina-chuu Takkyuubu": "行け！稲中卓球部",
    "Isshuukan Friends.": "一週間フレンズ。",
    "Kamisama no Memochou": "神様のメモ帳",
    "Kimagure Orange☆Road": "きまぐれオレンジ☆ロード",
    "Love Live! School Idol Project": "ラブライブ！ School idol project",
    "Oda Nobuna no Yabou": "織田信奈の野望",
    "Tsubasa Chronicle 2nd Season": "ツバサ・クロニクル 第2シリーズ",
    "Uchuu Patrol Luluco": "宇宙パトロールルル子",
    "Yuru Yuri": "ゆるゆり",
    "Aa! Megami-sama!: Sorezore no Tsubasa": "ああっ女神さまっ それぞれの翼",
    "Aikatsu!": "アイカツ！",
    "Air Gear": "エア・ギア",
    "Chuuka Ichiban!": "中華一番！",
    "Gugure! Kokkuri-san": "繰繰れ！コックリさん",
    "Hanbun no Tsuki ga Noboru Sora": "半分の月がのぼる空",
    "Inu x Boku SS": "妖狐×僕SS",
    "Kiniro no Corda: Primo Passo": "金色のコルダ Primo Passo",
    "Love Stage!!": "LOVE STAGE!!",
    "Moyashimon": "もやしもん",
    "Saenai Heroine no Sodatekata": "冴えない彼女の育てかた",
    "Toaru Majutsu no Index": "とある魔術の禁書目録",
    "Tonari no Seki-kun": "となりの関くん",
    "Zettai Karen Children: The Unlimited - Hyoubu Kyousuke": "絶対可憐チルドレン THE UNLIMITED 兵部京介",
    "Amagi Brilliant Park": "甘城ブリリアントパーク",
    "Ashita no Nadja": "明日のナージャ",
    "Basilisk: Kouga Ninpou Chou": "バジリスク 甲賀忍法帖",
    "Btooom!": "BTOOOM!",
    "Mutsu Enmei Ryuu Gaiden: Shura no Toki": "陸奥圓明流外伝 修羅の刻",
    "Persona 4 the Animation": "ペルソナ4 ジ・アニメーション",
    "Sora no Otoshimono": "そらのおとしもの",
    "Fantastic Children": "ファンタジックチルドレン"
    }