{
    "Free!": "Free!",
    "Grisaia no Kajitsu": "グリザイアの果実",
    "Jewelpet Twinkle☆": "ジュエルペット てぃんくる☆",
    "Kiznaiver": "キズナイーバー",
    "Kore wa Zombie Desu ka?": "これはゾンビですか？",
    "New Prince of Tennis": "新テニスの王子様",
    "Sakamoto desu ga?": "坂本ですが？",
    "Tatakae! Chou Robot Seimeitai Transformers": "戦え！超ロボット生命体トランスフォーマー",
    "Tsubasa Chronicle": "ツバサ・クロニクル",
    "Aldnoah.Zero": "アルドノア・ゼロ",
    "Girls und Panzer": "ガールズ＆パンツァー",
    "Heroic Age": "ヒロイック・エイジ",
    "Kareshi Kanojo no Jijou": "彼氏彼女の事情",
    "Konjiki no Gash Bell!!": "金色のガッシュベル!!",
    "Log Horizon 2nd Season": "ログ・ホライズン 第2シリーズ",
    "Plawres Sanshirou": "プラレス3四郎",
    "Shion no Ou": "しおんの王",
    "Udon no Kuni no Kiniro Kemari": "うどんの国の金色毛鞠",
    "UFO Robo Grendizer": "UFOロボ グレンダイザー",
    "Acchi Kocchi (TV)": "あっちこっち",
    "Digimon Tamers": "デジモンテイマーズ",
    "Flying Witch": "ふらいんぐうぃっち",
    "Fushigi no Umi no Nadia": "ふしぎの海のナディア",
    "Jigoku Sensei Nube": "地獄先生ぬ～べ～",
    "Minami-ke Okaeri": "みなみけ おかえり",
    "Nijuu Mensou no Musume": "二十面相の娘",
    "Owari no Seraph": "終わりのセラフ",
    "Yondemasu yo, Azazel-san. Z": "よんでますよ、アザゼルさん。Z",
    "Bishoujo Senshi Sailor Moon SuperS": "美少女戦士セーラームーン SuperS",
    "Hellsing": "ヘルシング",
    "Hokuto no Ken 2": "北斗の拳2",
    "Kaitou Saint Tail": "怪盗セイント・テール",
    "Little Busters!": "リトルバスターズ！",
    "Marmalade Boy": "ママレード・ボーイ",
    "R.O.D the TV": "R.O.D -THE TV-",
    "Suisei no Gargantia": "翠星のガルガンティア",
    "Watashi ga Motete Dousunda": "私がモテてどうすんだ",
    "Yondemasu yo, Azazel-san. (TV)": "よんでますよ、アザゼルさん。(TV)",
    "Amaama to Inazuma": "甘々と稲妻",
    "Hakuouki Reimeiroku": "薄桜鬼 黎明録"
    }