{
    "Konnichiwa Anne: Before Green Gables": "こんにちは アン 〜Before Green Gables",
    "Kuruneko": "くるねこ",
    "Love Live! Sunshine!!": "ラブライブ！サンシャイン!!",
    "Medaka Box Abnormal": "めだかボックス アブノーマル",
    "Patalliro!": "パタリロ！",
    "Perrine Monogatari": "ペリーヌ物語",
    "Rokka no Yuusha": "六花の勇者",
    "Uchuu Senkan Yamato 2": "宇宙戦艦ヤマト2",
    "Yawara!": "やわら！",
    "Accel World": "アクセル・ワールド",
    "Darker than Black: Ryuusei no Gemini": "DARKER THAN BLACK -流星の双子-",
    "Donten ni Warau": "曇天に笑う",
    "Fate/kaleid liner Prisma☆Illya 3rei!!": "Fate/kaleid liner プリズマ☆イリヤ 3rei!!",
    "Gallery Fake": "ギャラリーフェイク",
    "Grimm Masterpiece Theater": "グリム名作劇場",
    "Hello!! Kiniro Mosaic": "ハロー!! きんいろモザイク",
    "Mobile Fighter G Gundam": "機動武闘伝Gガンダム",
    "Shigofumi": "シゴフミ",
    "Shinryaku!? Ika Musume": "侵略!?イカ娘",
    "Shoubushi Densetsu Tetsuya": "勝負師伝説哲也",
    "Yuusha Keisatsu J-Decker": "勇者警察ジェイデッカー",
    "Zero no Tsukaima": "ゼロの使い魔",
    "Amagami SS+ Plus": "アマガミSS+ plus",
    "Ayakashi: Japanese Classic Horror": "怪 〜ayakashi〜 Japanese Classic Horror",
    "Casshern Sins": "キャシャーン Sins",
    "Gokudou-kun Manyuuki": "極道くん漫遊記",
    "Golgo 13 (TV)": "ゴルゴ13",
    "Lady Jewelpet": "レディ ジュエルペット",
    "Magic Knight Rayearth II": "魔法騎士レイアース II",
    "Motto To LOVE-Ru": "もっとTo LOVEる -とらぶる-",
    "Salaryman Kintarou": "サラリーマン金太郎",
    "Sekirei: Pure Engagement": "セキレイ〜Pure Engagement〜",
    "Senyuu. 2": "戦勇。2",
    "Shugo Chara!": "しゅごキャラ！",
    "Yozakura Quartet: Hana no Uta": "夜桜四重奏 〜ハナノウタ〜",
    "Yu☆Gi☆Oh! Arc-V": "遊☆戯☆王アーク・ファイブ ARC-V",
    "Akage no Anne": "赤毛のアン",
    "Chuunibyou demo Koi ga Shitai! Ren": "中二病でも恋がしたい！戀",
    "Fune wo Amu": "舟を編む",
    "Ganbare Genki": "がんばれ元気"
    }