{
    "Gochuumon wa Usagi Desu ka?": "ご注文はうさぎですか？",
    "Jibaku-kun": "ジバクくん",
    "Kidou Senkan Nadesico": "機動戦艦ナデシコ",
    "Otome Youkai Zakuro": "おとめ妖怪 ざくろ",
    "Pretty Rhythm: Aurora Dream": "プリティーリズム・オーロラドリーム",
    "Psycho-Pass 2": "PSYCHO-PASS サイコパス 2",
    "Samurai 7": "サムライセブン",
    "Shinryaku! Ika Musume": "侵略！イカ娘",
    "So Ra No Wo To": "ソ・ラ・ノ・ヲ・ト",
    "Tales of Zestiria the X": "テイルズ オブ ゼスティリア ザ クロス",
    "Tenshi na Konamaiki": "天使な小生意気",
    "Toshokan Sensou": "図書館戦争",
    "Zero no Tsukaima: Princesses no Rondo": "ゼロの使い魔 〜三美姫の輪舞〜",
    "Doraemon (2005)": "ドラえもん (2005)",
    "Kemonozume": "ケモノヅメ",
    "Mai-HiME": "舞-HiME",
    "Mikakunin de Shinkoukei": "未確認で進行形",
    "Mugen no Ryvius": "無限のリヴァイアス",
    "Patapata Hikousen no Bouken": "パタパタ飛行船の冒険",
    "Shinreigari: Ghost Hound": "神霊狩/GHOST HOUND",
    "Shugo Chara!! Doki": "しゅごキャラ!!どきっ",
    "Taiho Shichau zo (1996)": "逮捕しちゃうぞ (1996)",
    "Tetsujin 28-gou (2004)": "鉄人28号 (2004)",
    "Aishiteruze Baby★★": "愛してるぜ ベイベ★★",
    "Candy Candy": "キャンディ・キャンディ",
    "Fate/stay night": "Fate/stay night",
    "Grimm Masterpiece Theater II": "新グリム名作劇場",
    "Level E": "レベルE",
    "Shin Chou Kyou Ryo: Condor Hero III": "神鵰侠侶 コンドルヒーローIII",
    "Taiyou no Kiba Dagram": "太陽の牙ダグラム",
    "Uchuu no Kishi Tekkaman Blade": "宇宙の騎士テッカマンブレード",
    "Amagami SS": "アマガミSS",
    "Boku wa Tomodachi ga Sukunai": "僕は友達が少ない",
    "Chobits": "ちょびっツ",
    "Chrome Shelled Regios": "鋼殻のレギオス",
    "Hakkenden: Touhou Hakken Ibun": "八犬伝 -東方八犬異聞-",
    "Hakuouki": "薄桜鬼",
    "Heppoko Jikken Animation Excel♥Saga": "へっぽこ実験アニメーション エクセル♥サーガ",
    "Paniponi Dash!": "ぱにぽにだっしゅ！",
    "Rozen Maiden": "ローゼンメイデン"
    }