{
    "Saki": "咲 -Saki-",
    "Sengoku Basara": "戦国BASARA",
    "Super GALS! Kotobuki Ran": "スーパーギャルズ！寿蘭",
    "The Big O": "THE ビッグオー",
    "Yu☆Gi☆Oh! Duel Monsters": "遊☆戯☆王 デュエルモンスターズ",
    "Genshiken Nidaime": "げんしけん二代目",
    "Gokinjo Monogatari": "ご近所物語",
    "Saiyuuki Reload Gunlock": "最遊記RELOAD GUNLOCK",
    "Simoun": "シムーン",
    "Sugar Sugar Rune": "シュガシュガルーン",
    "Tanoshii Muumin Ikka Bouken Nikki": "楽しいムーミン一家 冒険日記",
    "Tetsuwan Birdy Decode": "鉄腕バーディーDECODE",
    "Waga Seishun no Arcadia: Mugen Kidou SSX": "わが青春のアルカディア 無限軌道SSX",
    "X": "X（エックス）",
    "Zipang": "ジパング",
    "AKB0048": "AKB0048",
    "Aoki Hagane no Arpeggio: Ars Nova": "蒼き鋼のアルペジオ Ars Nova",
    "Blood Lad": "ブラッドラッド",
    "Danna ga Nani wo Itteiru ka Wakaranai Ken": "旦那が何を言っているかわからない件",
    "God Eater": "ゴッドイーター",
    "Gunslinger Girl": "ガンスリンガー・ガール",
    "Himouto! Umaru-chan": "干物妹！うまるちゃん",
    "Joshiraku": "じょしらく",
    "Kaikan Phrase": "快感 フレーズ",
    "Kuroshitsuji II": "黒執事II",
    "Masuda Kousuke Gekijou Gag Manga Biyori 2": "増田こうすけ劇場 ギャグマンガ日和2",
    "Mobile Suit Gundam Unicorn RE:0096": "機動戦士ガンダムUC RE:0096",
    "Ore no Nounai Sentakushi ga, Gakuen Love Comedy wo Zenryoku de Jama Shiteiru": "俺の脳内選択肢が、学園ラブコメを全力で邪魔している",
    "RahXephon": "ラーゼフォン",
    "Sunabouzu": "砂ぼうず",
    "True Tears": "トゥルーティアーズ",
    "Bobobo-bo Bo-bobo": "ボボボーボ・ボーボボ",
    "Bokura ga Ita": "僕等がいた",
    "Chou Denji Machine Voltes V": "超電磁マシーン ボルテスV",
    "Chouyaku Hyakuninisshu: Uta Koi.": "超訳百人一首 うた恋い。",
    "Date A Live": "デート・ア・ライブ",
    "Future GPX Cyber Formula": "未来GPXサイバーフォーミュラ",
    "Hime-chan no Ribbon": "姫ちゃんのリボン",
    "Nanatsu no Umi no Tico": "七つの海のティコ",
    "Puchi Puri Yuushi": "ぷちぷり＊ユーシィ"
    }