{
    "Ano Hi Mita Hana no Namae wo Bokutachi wa Mada Shiranai.": "あの日見た花の名前を僕達はまだ知らない。",
    "Kuroko no Basket 3rd Season": "黒子のバスケ 第3期",
    "Shokugeki no Souma": "食戟のソーマ",
    "Yuri!!! on Ice": "ユーリ!!! on ICE",
    "JoJo no Kimyou na Bouken: Stardust Crusaders 2nd Season": "ジョジョの奇妙な冒険 スターダストクルセイダース 2ndシーズン",
    "Kiseijuu: Sei no Kakuritsu": "寄生獣 セイの格率",
    "Shouwa Genroku Rakugo Shinjuu": "昭和元禄落語心中",
    "Uchuu Kyoudai": "宇宙兄弟",
    "Kuroko no Basket 2nd Season": "黒子のバスケ 第2期",
    "Major S5": "MAJOR 第5シリーズ",
    "One Piece": "ワンピース",
    "Ghost in the Shell: Stand Alone Complex 2nd GIG": "攻殻機動隊 STAND ALONE COMPLEX 2nd GIG",
    "JoJo no Kimyou na Bouken: Diamond wa Kudakenai": "ジョジョの奇妙な冒険 ダイヤモンドは砕けない",
    "Kingdom 2nd Season": "キングダム 第2シリーズ",
    "Slam Dunk": "スラムダンク",
    "Usagi Drop": "うさぎドロップ",
    "Mob Psycho 100": "モブサイコ100",
    "Nana": "ナナ",
    "Baccano!": "バッカーノ！",
    "Shingeki no Kyojin": "進撃の巨人",
    "Bakuman. 2nd Season": "バクマン。 第2シリーズ",
    "Cross Game": "クロスゲーム",
    "Shinsekai yori": "新世界より",
    "Chihayafuru 2": "ちはやふる 2",
    "Fate/Zero": "Fate/Zero",
    "JoJo no Kimyou na Bouken (TV)": "ジョジョの奇妙な冒険 (TV)",
    "Mahou Shoujo Madoka★Magica": "魔法少女まどか☆マギカ",
    "Nichijou": "日常",
    "Psycho-Pass": "PSYCHO-PASS サイコパス",
    "Barakamon": "ばらかもん",
    "Diamond no Ace: Second Season": "ダイヤのA[エース] 第2シーズン",
    "Magi: The Kingdom of Magic": "マギ The kingdom of magic",
    "Samurai Champloo": "サムライチャンプルー",
    "Shokugeki no Souma: Ni no Sara": "食戟のソーマ 弍ノ皿",
    "Katanagatari": "刀語",
    "Major S6": "MAJOR 第6シリーズ",
    "Mononoke": "モノノ怪",
    "Shirobako": "SHIROBAKO",
    "Ashita no Joe 2": "あしたのジョー2",
    "Hunter x Hunter": "ハンター×ハンター"
    }