{
    "Saiyuuki Reload": "最遊記RELOAD",
    "Shigurui": "シグルイ",
    "Super Lovers": "SUPER LOVERS",
    "Tamayura: More Aggressive": "たまゆら 〜もあぐれっしぶ〜",
    "Tenchi Muyou!": "天地無用！",
    "Vandread: The Second Stage": "ヴァンドレッド the second stage",
    "Wangan Midnight": "湾岸ミッドナイト",
    "Aoki Densetsu Shoot!": "蒼き伝説 シュート！",
    "Gundam Build Fighters Try": "ガンダムビルドファイターズトライ",
    "Kamisama no Inai Nichiyoubi": "神さまのいない日曜日",
    "Magic Knight Rayearth": "魔法騎士（マジックナイト）レイアース",
    "Mayo Chiki!": "まよチキ！",
    "Sankarea": "さんかれあ",
    "Shimoneta to Iu Gainen ga Sonzai Shinai Taikutsu na Sekai": "下ネタという概念が存在しない退屈な世界",
    "Shin Chou Kyou Ryo: Condor Hero": "神鵰侠侶（しんちょうきょうりょう）コンドルヒーロー",
    "UN-GO": "アン ゴ",
    "Uta no☆Prince-sama♪ Maji Love 2000%": "うたの☆プリンスさまっ♪マジLOVE2000%",
    "Vampire Knight Guilty": "ヴァンパイア騎士 Guilty",
    "Whistle!": "ホイッスル！",
    "Yomigaeru Sora: Rescue Wings": "よみがえる空 -RESCUE WINGS-",
    "Black Cat": "ブラックキャット",
    "Flanders no Inu": "フランダースの犬",
    "Glass no Kamen": "ガラスの仮面",
    "Kamikaze Kaitou Jeanne": "神風怪盗ジャンヌ",
    "Kure-nai": "紅",
    "Mahou Shoujo Lyrical Nanoha": "魔法少女リリカルなのは",
    "Nanatsu no Taizai: Seisen no Shirushi": "七つの大罪 聖戦の予兆",
    "Nijiiro Days": "虹色デイズ",
    "Ojamajo Doremi Dokkaan!": "おジャ魔女どれみ ドッカ〜ン！",
    "Oruchuban Ebichu": "おるちゅばんエビチュ",
    "Outbreak Company": "アウトブレイク・カンパニー",
    "Pokemon XY": "ポケットモンスター XY",
    "Scrapped Princess": "スクラップド・プリンセス",
    "Seitokai no Ichizon": "生徒会の一存",
    "Selector Spread WIXOSS": "selector spread WIXOSS",
    "Slayers Evolution-R": "スレイヤーズEVOLUTION-R",
    "Taiho Shichau zo: Second Season": "逮捕しちゃうぞ Second Season",
    "Tokyo Ghoul √A": "東京喰種√A",
    "Yu☆Gi☆Oh! 5D's": "遊☆戯☆王5D's",
    "Yuuki Yuuna wa Yuusha de Aru": "結城友奈は勇者である"
    }