{
    "Busou Renkin": "武装錬金",
    "Garo: Honoo no Kokuin": "牙狼〈GARO〉-炎の刻印-",
    "Hidamari Sketch": "ひだまりスケッチ",
    "Honoo no Toukyuuji: Dodge Danpei": "炎の闘球児 ドッジ弾平",
    "Kamichama Karin": "かみちゃまかりん",
    "Kamichu!": "かみちゅ！",
    "Moonlight Mile 2nd Season: Touch Down": "ムーンライトマイル 2ndシーズン -Touch down-",
    "Oban Star-Racers": "オーバン・スターレーサーズ",
    "Papa no Iukoto wo Kikinasai!": "パパのいうことを聞きなさい！",
    "Sakigake!! Otokojuku": "魁!!男塾",
    "Sentou Mecha Xabungle": "戦闘メカ ザブングル",
    "Shin Chou Kyou Ryo: Condor Hero II": "神鵰侠侶 コンドルヒーローII",
    "Winter Sonata": "冬のソナタ",
    "WWW.Working!!": "WWW.WORKING!!",
    "Yama no Susume Second Season": "ヤマノススメ セカンドシーズン",
    "Bartender": "バーテンダー",
    "Cinderella Monogatari": "シンデレラ物語",
    "Date A Live II": "デート・ア・ライブⅡ",
    "Dotto Koni-chan": "ドッとKONIちゃん",
    "Gangsta.": "ギャングスタ",
    "Ghost in the Shell: Stand Alone Complex - Tachikoma na Hibi (TV)": "攻殻機動隊 STAND ALONE COMPLEX タチコマな日々",
    "Karakuri Zoushi Ayatsuri Sakon": "からくり草子 あやつり左近",
    "Kaze no Stigma": "風のスティグマ",
    "Kindaichi Shounen no Jikenbo Returns 2nd Season": "金田一少年の事件簿R 2ndシーズン",
    "Kono Bijutsubu ni wa Mondai ga Aru!": "この美術部には問題がある！",
    "Lupin III: Part III": "ルパン三世 PARTIII",
    "Mnemosyne: Mnemosyne no Musume-tachi": "ムネモシュネの娘たち",
    "Nisekoi:": "ニセコイ:",
    "Ben-To": "ベン・トー",
    "Danganronpa: Kibou no Gakuen to Zetsubou no Koukousei The Animation": "ダンガンロンパ 希望の学園と絶望の高校生 The Animation",
    "Danna ga Nani wo Itteiru ka Wakaranai Ken 2 Sure-me": "旦那が何を言っているかわからない件 2スレ目",
    "Doraemon": "ドラえもん",
    "Kaze no Shoujo Emily": "風の少女エミリー",
    "Love Lab": "らぶらぼ",
    "Mazinger Z": "マジンガーZ",
    "Ore no Imouto ga Konnani Kawaii Wake ga Nai": "俺の妹がこんなに可愛いわけがない",
    "Qin Shiming Yue Zhi: Zhu Zi Bai Jia": "秦時明月",
    "Saki Zenkoku-hen": "咲-Saki- 全国編",
    "Sakurako-san no Ashimoto ni wa Shitai ga Umatteiru": "櫻子さんの足下には死体が埋まっている",
    "Senyuu.": "戦勇。"
    }