{
    "Time Travel Tondekeman!": "タイムトラベル トンデケマン！",
    "Uchuu no Stellvia": "宇宙のステルヴィア",
    "Yokoyama Mitsuteru Sangokushi": "横山光輝 三国志",
    "Ai no Wakakusa Monogatari": "愛の若草物語",
    "Air": "Air",
    "Akazukin Chacha": "赤ずきんチャチャ",
    "Deadman Wonderland": "デッドマン・ワンダーランド",
    "Ginban Kaleidoscope": "銀盤カレイドスコープ",
    "GJ-bu": "GJ部",
    "Gokusen": "ごくせん",
    "Honobono Log": "ほのぼのログ",
    "Ikoku Meiro no Croisée The Animation": "異国迷路のクロワーゼ The Animation",
    "Kimikiss Pure Rouge": "キミキス pure rouge",
    "Maria-sama ga Miteru": "マリア様がみてる",
    "Re:␣Hamatora": "Re:␣ハマトラ",
    "Ristorante Paradiso": "リストランテ・パラディーゾ",
    "Soredemo Machi wa Mawatteiru": "それでも町は廻っている",
    "Tokimeki Tonight": "ときめきトゥナイト",
    "Zoids": "ゾイド",
    "Asura Cryin' 2": "アスラクライン2",
    "Cross Ange: Tenshi to Ryuu no Rondo": "クロスアンジュ 天使と竜の輪舞",
    "Fate/kaleid liner Prisma☆Illya 2wei!": "Fate/kaleid liner プリズマ☆イリヤ ツヴァイ！",
    "Futatsu no Spica": "ふたつのスピカ",
    "Gatchaman Crowds": "ガッチャマン クラウズ",
    "Gatchaman Crowds Insight": "ガッチャマンクラウズ インサイト",
    "Hakushaku to Yousei": "伯爵と妖精",
    "Hitsugi no Chaika": "棺姫のチャイカ",
    "Legend of Basara": "LEGEND OF BASARA",
    "Legendz: Yomigaeru Ryuuou Densetsu": "レジェンズ 甦る竜王伝説",
    "Mushibugyou": "ムシブギョー",
    "Nerima Daikon Brothers": "練馬大根ブラザーズ",
    "Ookami Shoujo to Kuro Ouji": "オオカミ少女と黒王子",
    "Shinrei Tantei Yakumo": "心霊探偵 八雲",
    "Sketchbook: Full Color's": "スケッチブック 〜full color's〜",
    "Tales of the Abyss": "テイルズ オブ ジ アビス",
    "Wagamama☆Fairy Mirumo de Pon!": "わがまま☆フェアリー ミルモでポン！",
    "Zegapain": "ゼーガペイン",
    "Zettai Karen Children": "絶対可憐チルドレン",
    "Fukigen na Mononokean": "不機嫌なモノノケ庵",
    "Grappler Baki: Saidai Tournament-hen": "グラップラー刃牙 最大トーナメント編"
    }