{
    "Handa-kun": "はんだくん",
    "Hentai Ouji to Warawanai Neko.": "変態王子と笑わない猫。",
    "Highschool of the Dead": "学園黙示録 HIGHSCHOOL OF THE DEAD",
    "Kurau Phantom Memory": "クラウ ファントムメモリー",
    "Meitantei Holmes": "名探偵ホームズ",
    "Miracle Giants Doumu-kun": "ミラクルジャイアンツ童夢くん",
    "Rec": "レック",
    "Sabagebu!": "さばげぶっ！",
    "Senki Zesshou Symphogear G: In the Distance, That Day, When the Star Became Music...": "戦姫絶唱シンフォギアG",
    "Senki Zesshou Symphogear GX: Believe in Justice and Hold a Determination to Fist.": "戦姫絶唱シンフォギアGX",
    "Speed Grapher": "スピードグラファー",
    "Aa! Megami-sama! (TV)": "ああっ女神さまっ (TV)",
    "Amanchu!": "あまんちゅ！",
    "Bamboo Blade": "バンブーブレード",
    "Captain Tsubasa: Road to 2002": "キャプテン翼 Road to 2002",
    "Cuticle Tantei Inaba": "キューティクル探偵因幡",
    "Fresh Precure!": "フレッシュプリキュア！",
    "Fushigiboshi no☆Futagohime": "ふしぎ星の☆ふたご姫",
    "Ginga Kikoutai Majestic Prince": "銀河機攻隊 マジェスティックプリンス",
    "Groove Adventure Rave": "レイヴ",
    "Hanamaru Youchien": "はなまる幼稚園",
    "Hatsukoi Limited": "初恋限定。",
    "High School! Kimengumi": "ハイスクール！奇面組",
    "Inazuma Eleven Go: Chrono Stone": "イナズマイレブンGO クロノ・ストーン",
    "Mahoraba: Heartful days": "まほらば 〜Heartful days〜",
    "Midori no Hibi": "美鳥の日々",
    "Natsu no Arashi! Akinaichuu": "夏のあらし！春夏冬中",
    "s.CRY.ed": "スクライド",
    "Saber Marionette J": "セイバーマリオネットJ",
    "Shikabane Hime: Kuro": "屍姫 玄",
    "Shin Taketori Monogatari: 1000-nen Joou": "新竹取物語 1000年女王",
    "Shoukoushi Cedie": "小公子セディ",
    "Strawberry Panic": "ストロベリー・パニック",
    "Tiger Mask Nisei": "タイガーマスク二世",
    "Yuyushiki": "ゆゆ式",
    "Zoids Shinseiki/Zero": "ZOIDS新世紀／ゼロ",
    "Black Bullet": "ブラック・ブレット",
    "Brigadoon: Marin to Melan": "ブリガドーン まりんとメラン",
    "C: The Money of Soul and Possibility Control": "C",
    "Erementar Gerad": "エレメンタルジェレイド"
    }