{
    "Galaxy Angel 3": "ギャラクシーエンジェル3",
    "Maoyuu Maou Yuusha": "まおゆう魔王勇者",
    "Nabari no Ou": "隠の王",
    "Needless": "ニードレス",
    "Rekka no Honoo": "烈火の炎",
    "Rozen Maiden (2013)": "ローゼンメイデン (2013)",
    "Soukyuu no Fafner: Dead Aggressor - Exodus": "蒼穹のファフナー Dead Aggressor -EXODUS-",
    "Strike the Blood": "ストライク・ザ・ブラッド",
    "Tari Tari": "たりたり",
    "Trinity Blood": "トリニティ・ブラッド",
    "Break Blade": "ブレイク ブレイド",
    "Damekko Doubutsu": "だめっこどうぶつ",
    "Ganbarist! Shun": "がんばりスト！ しゅん",
    "Haiyore! Nyaruko-san W": "這いよれ！ニャル子さん W",
    "Kakumeiki Valvrave 2nd Season": "革命機ヴァルヴレイヴ 2ndシーズン",
    "Kannagi": "かんなぎ",
    "Kiba": "牙-KIBA-",
    "Nagasarete Airantou": "ながされて藍蘭島",
    "Ore no Imouto ga Konnani Kawaii Wake ga Nai.": "俺の妹がこんなに可愛いわけがない。",
    "Peace Maker Kurogane": "PEACE MAKER 鐵",
    "Pokemon": "ポケモン",
    "Robotics;Notes": "ロボティクス・ノーツ",
    "Shounen Maid": "少年メイド",
    "Strike Witches 2": "ストライクウィッチーズ2",
    "Tekken Chinmi": "鉄拳チンミ",
    "Tenkuu Senki Shurato": "天空戦記シュラト",
    "Tobe! Isami": "飛べ！イサミ",
    "Trinity Seven": "トリニティセブン",
    "Uragiri wa Boku no Namae wo Shitteiru": "裏切りは僕の名前を知っている",
    "Digimon Xros Wars: Aku no Death General to Nanatsu no Oukoku": "デジモンクロスウォーズ 悪のデスジェネラルと七つの王国",
    "Dokidoki Densetsu: Mahoujin Guru Guru": "ドキドキ伝説 魔法陣グルグル",
    "Hanayamata": "ハナヤマタ",
    "Himitsu: The Revelation": "秘密 －トップ・シークレット－",
    "Kindaichi Shounen no Jikenbo Returns": "金田一少年の事件簿R",
    "Matantei Loki Ragnarok": "魔探偵ロキ RAGNAROK",
    "MÄR": "メルヘヴン",
    "Phi Brain: Kami no Puzzle - Orpheus Order-hen": "ファイ・ブレイン 神のパズル オルペウスオーダー編",
    "Phi Brain: Kami no Puzzle - Shukuteki! Rätsel-hen": "ファイ・ブレイン 神のパズル 敵！レーツェル編",
    "Taishou Yakyuu Musume.": "大正野球娘。",
    "Tokyo Majin Gakuen Kenpucho: Tou Dai Ni Maku": "東京魔人學園剣風帖 龖 第弐幕"
    }