{
    "07-Ghost": "セブンゴースト",
    "Afro Samurai": "アフロサムライ",
    "Allison to Lillia": "アリソンとリリア",
    "Ginga e Kickoff!!": "銀河へキックオフ!!",
    "Grappler Baki (TV)": "グラップラー刃牙 (TV)",
    "Hamatora The Animation": "ハマトラ The Animation",
    "Heavy Object": "ヘヴィーオブジェクト",
    "IGPX: Immortal Grand Prix (2005) 2nd Season": "IGPX イモータル・グランプリ (2005) 第2シーズン",
    "Jyu Oh Sei": "獣王星",
    "Kimi ga Nozomu Eien": "君が望む永遠",
    "Kiniro Mosaic": "きんいろモザイク",
    "Masuda Kousuke Gekijou Gag Manga Biyori +": "増田こうすけ劇場 ギャグマンガ日和＋",
    "Minami-ke Okawari": "みなみけ おかわり",
    "Myself; Yourself": "マイセルフ；ユアセルフ",
    "Noir": "ノワール",
    "Petshop of Horrors": "ペットショップ オブ ホラーズ",
    "Potemayo": "ぽてまよ",
    "Selector Infected WIXOSS": "selector infected WIXOSS",
    "Souten Kouro": "蒼天航路",
    "Canaan": "カナン",
    "Cardfight!! Vanguard: Link Joker-hen": "カードファイト!! ヴァンガード リンクジョーカー編",
    "Dragon Ball Super": "ドラゴンボール超（スーパー）",
    "Inukami!": "いぬかみっ！",
    "Mahoutsukai ni Taisetsu na Koto: Natsu no Sora": "魔法遣いに大切なこと 夏のソラ",
    "Mai-Otome": "舞-乙HiME",
    "Masuda Kousuke Gekijou Gag Manga Biyori": "増田こうすけ劇場 ギャグマンガ日和",
    "Musashi no Ken": "六三四の剣",
    "Natsu no Arashi!": "夏のあらし！",
    "Nazo no Kanojo X": "謎の彼女X",
    "Onegai My Melody: Kuru Kuru Shuffle!": "おねがいマイメロディ くるくるシャッフル！",
    "Sekirei": "セキレイ",
    "The Third: Aoi Hitomi no Shoujo": "ザ・サード 蒼い瞳の少女",
    "Vampire Knight": "ヴァンパイア騎士",
    "Witchblade": "ウィッチブレイド",
    "After War Gundam X": "機動新世紀ガンダムX",
    "Atashin'chi": "あたしンち",
    "Druaga no Tou: The Sword of Uruk": "ドルアーガの塔 〜the Sword of URUK〜",
    "Fate/kaleid liner Prisma☆Illya 2wei Herz!": "Fate/kaleid liner プリズマ☆イリヤ ツヴァイ ヘルツ！",
    "H2": "H2",
    "Haha wo Tazunete Sanzenri": "母をたずねて三千里"
    }