{
    "Haikara-san ga Tooru": "はいからさんが通る",
    "Kaidan Restaurant": "怪談レストラン",
    "Koutetsujou no Kabaneri": "甲鉄城のカバネリ",
    "Machine-Doll wa Kizutsukanai": "機巧少女は傷つかない",
    "Monster Musume no Iru Nichijou": "モンスター娘のいる日常",
    "Nyan Koi!": "にゃんこい！",
    "Rumiko Takahashi Anthology": "高橋留美子アンソロジー",
    "Saber Marionette J to X": "セイバーマリオネットJ to X",
    "Abenobashi Mahou☆Shoutengai": "アベノ橋魔法☆商店街",
    "Aggressive Retsuko": "アグレッシブ烈子",
    "Angel Heart": "エンジェル・ハート",
    "Area no Kishi": "エリアの騎士",
    "Ayashi no Ceres": "妖しのセレス",
    "Basquash!": "バスカッシュ！",
    "Gakuen Utopia Manabi Straight!": "学園ユートピア まなびストレート！",
    "Gun x Sword": "ガン×ソード",
    "Hiiro no Kakera Dai Ni Shou": "緋色の欠片 第二章",
    "Kuruneko Season 2": "くるねこ シーズン2",
    "Kyoushoku Soukou Guyver (2005)": "強殖装甲ガイバー (2005)",
    "Mikan Enikki": "みかん絵日記",
    "Oh! Edo Rocket": "おーい！竜馬",
    "Ookami-san to Shichinin no Nakama-tachi": "オオカミさんと七人の仲間たち",
    "RideBack": "ライドバック",
    "Saki Achiga-hen: Episode of Side-A": "咲-Saki- 阿知賀編 Episode of Side-A",
    "Shikabane Hime: Aka": "屍姫 赫",
    "Solty Rei": "ソルティレイ",
    "Soukyuu no Fafner: Dead Aggressor": "蒼穹のファフナー Dead Aggressor",
    "Spiral: Suiri no Kizuna": "スパイラル 〜推理の絆〜",
    "The iDOLM@STER Cinderella Girls 2nd Season": "アイドルマスター シンデレラガールズ 2ndシーズン",
    "Tiger Mask": "タイガーマスク",
    "Zoids Genesis": "ゾイドジェネシス",
    "Captain Tsubasa J": "キャプテン翼J",
    "Chibi Maruko-chan (1995)": "ちびまる子ちゃん (1995)",
    "Chiisana Ahiru no Ooki na Ai no Monogatari: Ahiru no Kwak": "小さなアヒルの大きな愛の物語 あひるのクワック",
    "D.C.II S.S.: Da Capo II Second Season": "D.C.II S.S. 〜ダ・カーポII セカンドシーズン〜",
    "Digimon Adventure 02": "デジモンアドベンチャー02",
    "Galaxy Angel 4": "ギャラクシーエンジェル4",
    "Ghost in the Shell: Nyuumon Arise": "攻殻機動隊ARISE 入門",
    "Mangaka-san to Assistant-san to The Animation": "マンガ家さんとアシスタントさんと",
    "Slayers Revolution": "スレイヤーズREVOLUTION"
    }