{
    "Sola": "そら",
    "Star Driver: Kagayaki no Takuto": "STAR DRIVER 輝きのタクト",
    "Uta no☆Prince-sama♪ Maji Love 1000%": "うたの☆プリンスさまっ♪ マジLOVE1000%",
    "Uta no☆Prince-sama♪ Maji Love Legend Star": "うたの☆プリンスさまっ♪ マジLOVEレジェンドスター",
    "Campione!: Matsurowanu Kamigami to Kamigoroshi no Maou": "カンピオーネ！ まつろわぬ神々と神殺しの魔王",
    "Cybersix": "サイバーシックス",
    "Cyborg 009: The Cyborg Soldier": "サイボーグ009 THE CYBORG SOLDIER",
    "Danball Senki Wars": "ダンボール戦機ウォーズ",
    "Gudetama": "ぐでたま",
    "Ixion Saga DT": "イクシオン サーガ DT",
    "Karneval (TV)": "カーニヴァル",
    "Kotoura-san": "琴浦さん",
    "Kyouran Kazoku Nikki": "狂乱家族日記",
    "Le Chevalier D'Eon": "シュヴァリエ",
    "Masuda Kousuke Gekijou Gag Manga Biyori 3": "増田こうすけ劇場 ギャグマンガ日和3",
    "MM!": "えむえむっ！",
    "Mobile Suit Gundam Seed Destiny": "機動戦士ガンダムSEED DESTINY",
    "Natsuyuki Rendezvous": "夏雪ランデブー",
    "Suite Precure♪": "スイートプリキュア♪",
    "Tatakau Shisho: The Book of Bantorra": "戦う司書 The Book of Bantorra",
    "Witch Hunter Robin": "ウィッチハンターロビン",
    "Captain Tsubasa": "キャプテン翼",
    "D.N.Angel": "ディー・エヌ・エンジェル",
    "Dimension W": "Dimension W",
    "Druaga no Tou: The Aegis of Uruk": "ドルアーガの塔 〜the Aegis of URUK〜",
    "Gear Fighter Dendoh": "ギアファイター電童",
    "Jungle no Ouja Taa-chan": "ジャングルの王者ターちゃん♡",
    "Kazoku Robinson Hyouryuuki: Fushigi na Shima no Flone": "家族ロビンソン漂流記 ふしぎな島のフローネ",
    "Kimi ga Aruji de Shitsuji ga Ore de": "君が主で執事が俺で",
    "Kinnikuman": "キン肉マン",
    "Kirarin☆Revolution": "きらりん☆レボリューション",
    "Kuromukuro": "クロムクロ",
    "Nogizaka Haruka no Himitsu": "乃木坂春香の秘密",
    "Onegai☆Teacher": "おねがい☆ティーチャー",
    "Subete ga F ni Naru: The Perfect Insider": "すべてがFになる THE PERFECT INSIDER",
    "Super Robot Taisen OG: The Inspector": "スーパーロボット大戦OG ジ・インスペクター",
    "Suzuka": "涼風",
    "Sword Art Online II": "ソードアート・オンライン II",
    "Tamako Market": "たまこまーけっと",
    "Utawarerumono: Itsuwari no Kamen": "うたわれるもの 偽りの仮面"
    }