{
    "Dantalian no Shoka": "ダンタリアンの書架",
    "Densetsu no Yuusha Da Garn": "伝説の勇者ダ・ガーン",
    "Figure 17: Tsubasa & Hikaru": "フィギュア17 つばさ＆ヒカル",
    "Fuujin Monogatari": "風人物語",
    "Great Mazinger": "グレートマジンガー",
    "HeatGuy J": "ヒートガイジェイ",
    "Hyakko": "ヒャッコ",
    "Inou-Battle wa Nichijou-kei no Naka de": "異能バトルは日常系のなかで",
    "Koi Kaze": "恋風",
    "Macross Δ": "マクロスΔ",
    "Mini Van": "ミニバン",
    "Mojakou": "モジャ公",
    "Ou Dorobou Jing": "王ドロボウJING",
    "Sei Juushi Bismarck": "星銃士ビスマルク",
    "Tactics": "タクティクス",
    "To LOVE-Ru": "To LOVEる -とらぶる-",
    "Umineko no Naku Koro ni": "うみねこのなく頃に",
    "Denpa Onna to Seishun Otoko": "電波女と青春男",
    "Ghost in the Shell: Arise - Alternative Architecture": "攻殻機動隊ARISE -ALTERNATIVE ARCHITECTURE-",
    "Hitsugi no Chaika: Avenging Battle": "棺姫のチャイカ AVENGING BATTLE",
    "Karin": "かりん",
    "Mouryou no Hako": "魍魎の匣",
    "Princess Nine: Kisaragi Joshikou Yakyuubu": "プリンセスナイン 如月女子高野球部",
    "Rokujouma no Shinryakusha!? (TV)": "六畳間の侵略者！？",
    "Ryuugajou Nanana no Maizoukin (TV)": "龍ヶ嬢七々々の埋蔵金",
    "Shin Shirayuki-hime Densetsu Prétear": "新白雪姫伝説プリーティア",
    "Shinkyoku Soukai Polyphonica Crimson S": "神曲奏界ポリフォニカ クリムゾンS",
    "Smile Precure!": "スマイルプリキュア！",
    "Uchuu Senkan Yamato III": "宇宙戦艦ヤマトIII",
    "Vandread": "ヴァンドレッド",
    "Aquarion Evol": "アクエリオンEVOL",
    "Di Gi Charat Nyo": "デ・ジ・キャラットにょ",
    "Dog Days'": "ドッグデイズ'",
    "El Cazador de la Bruja": "エル・カザド",
    "Flanders no Inu, Boku no Patrasche": "フランダースの犬 ぼくのパトラッシュ",
    "Fushigiboshi no☆Futagohime Gyu!": "ふしぎ星の☆ふたご姫 Gyu!",
    "Gakusen Toshi Asterisk 2nd Season": "学戦都市アスタリスク 2ndシーズン",
    "Inazuma Eleven Go": "イナズマイレブンGO",
    "Joukamachi no Dandelion": "城下町のダンデライオン",
    "Kamigami no Asobi": "神々の悪戯"
    }