{
    "Noragami Aragoto": "ノラガミ ARAGOTO",
    "Sakamichi no Apollon": "坂道のアポロン",
    "Ghost in the Shell: Stand Alone Complex": "攻殻機動隊 STAND ALONE COMPLEX",
    "No Game No Life": "ノーゲーム・ノーライフ",
    "Romeo no Aoi Sora": "ロミオの青い空",
    "Yuu☆Yuu☆Hakusho": "幽☆遊☆白書",
    "Kino no Tabi: The Beautiful World": "キノの旅 -the Beautiful World-",
    "Kuroko no Basket": "黒子のバスケ",
    "Nodame Cantabile": "のだめカンタービレ",
    "Ookami to Koushinryou II": "狼と香辛料II",
    "Fate/stay night: Unlimited Blade Works 2nd Season": "Fate/stay night [Unlimited Blade Works] 2ndシーズン",
    "Kemono no Souja Erin": "獣の奏者エリン",
    "Toradora!": "とらドラ！",
    "Owarimonogatari": "終物語",
    "Rurouni Kenshin: Meiji Kenkaku Romantan": "るろうに剣心 -明治剣客浪漫譚-",
    "Fate/stay night: Unlimited Blade Works": "Fate/stay night [Unlimited Blade Works]",
    "Major S1": "MAJOR シーズン1",
    "Nanatsu no Taizai": "七つの大罪",
    "Natsume Yuujinchou": "夏目友人帳",
    "Higurashi no Naku Koro ni Kai": "ひぐらしのなく頃に解",
    "Major S2": "MAJOR シーズン2",
    "One Outs": "ワンナウツ",
    "Beck": "ベック",
    "Berserk": "ベルセルク",
    "Major S3": "MAJOR シーズン3",
    "NHK ni Youkoso!": "NHKにようこそ！",
    "Rose of Versailles": "ベルサイユのばら",
    "Sakurasou no Pet na Kanojo": "さくら荘のペットな彼女",
    "Angel Beats!": "Angel Beats!",
    "Bakemonogatari": "化物語",
    "Bungou Stray Dogs 2nd Season": "文豪ストレイドッグス 第2シーズン",
    "Ouran Koukou Host Club": "桜蘭高校ホスト部",
    "Durarara!!": "デュラララ!!",
    "Nodame Cantabile Finale": "のだめカンタービレ フィナーレ",
    "Planetes": "プラネテス",
    "Hachimitsu to Clover II": "ハチミツとクローバーII",
    "InuYasha: Kanketsu-hen": "犬夜叉 完結編",
    "Katekyo Hitman Reborn!": "家庭教師ヒットマンREBORN!",
    "Kuroshitsuji: Book of Circus": "黒執事 Book of Circus",
    "Ookami to Koushinryou": "狼と香辛料"
    }