{
    "Kidou Tenshi Angelic Layer": "機動天使エンジェリックレイヤー",
    "Ojamajo Doremi Sharp": "おジャ魔女どれみ♯",
    "Ore no Kanojo to Osananajimi ga Shuraba Sugiru": "俺の彼女と幼なじみが修羅場すぎる",
    "Phi Brain: Kami no Puzzle": "ファイ・ブレイン 神のパズル",
    "Tamayura: Hitotose": "たまゆら 〜hitotose〜",
    "Young Black Jack": "ヤング ブラック・ジャック",
    "Ginga Densetsu Weed": "銀牙伝説ウィード",
    "Ginga Hyouryuu Vifam": "銀河漂流バイファム",
    "Kaiketsu Zorro": "快傑ゾロ",
    "Kakumeiki Valvrave": "革命機ヴァルヴレイヴ",
    "Kiddy Grade": "キディ・グレイド",
    "Madou King Granzort": "魔動王グランゾート",
    "Mama wa Shougaku 4 Nensei": "ママは小学4年生",
    "Manga Sekai Mukashibanashi": "まんが世界昔ばなし",
    "Mister Ajikko": "ミスター味っ子",
    "Ryuusei no Rockman": "流星のロックマン",
    "Saishuu Heiki Kanojo": "最終兵器彼女",
    "Shuffle!": "シャッフル！",
    "Tears to Tiara": "ティアーズ・トゥ・ティアラ",
    "Tokyo Majin Gakuen Kenpucho: Tou": "東京魔人學園剣風帖 龖",
    "Wagaya no Oinari-sama.": "我が家のお稲荷さま。",
    "Anime Sanjuushi": "アニメ三銃士",
    "Battle Spirits: Shounen Gekiha Dan": "バトルスピリッツ 少年激覇ダン",
    "Danball Senki W": "ダンボール戦機W",
    "Dash! Kappei": "ダッシュ勝平",
    "Gunslinger Girl: Il Teatrino": "ガンスリンガー・ガール -IL TEATRINO-",
    "Hatenkou Yuugi": "破天荒遊戯",
    "High School Fleet": "ハイスクール・フリート",
    "Koi to Senkyo to Chocolate": "恋と選挙とチョコレート",
    "Kyou no 5 no 2 (TV)": "今日の5の2",
    "Mahoromatic 2": "まほろまてぃっく",
    "Majutsushi Orphen": "魔術士オーフェン",
    "Mashiro-iro Symphony: The Color of Lovers": "ましろ色シンフォニー -The color of lovers-",
    "Ro-Kyu-Bu! SS": "ロウきゅーぶ！SS",
    "Taiho Shichau zo: Full Throttle": "逮捕しちゃうぞ フルスロットル",
    "Tantei Opera Milky Holmes Dai 2 Maku": "探偵オペラ ミルキィホームズ 第2幕",
    "Ultra Maniac": "ウルトラマニアック",
    "Yes! Precure 5": "Yes! プリキュア5",
    "Aoharu x Kikanjuu": "青春×機関銃",
    "Aoi Hana": "青い花"
    }