{
    "Buddy Complex": "バディ・コンプレックス",
    "Danball Senki": "ダンボール戦機",
    "Galaxy Angel Z": "ギャラクシーエンジェルZ",
    "Gantz 2nd Stage": "ガンツ 2ndステージ",
    "Ginga Tetsudou Monogatari": "銀河鉄道物語",
    "Guin Saga": "グイン・サーガ",
    "Hi no Tori": "火の鳥",
    "Junketsu no Maria": "純潔のマリア",
    "Kurokami The Animation": "黒神 The Animation",
    "Kyoukaisenjou no Horizon": "境界線上のホライゾン",
    "Mahoromatic: Automatic Maiden": "まほろまてぃっく",
    "Motto! Ojamajo Doremi": "も〜っと! おジャ魔女どれみ",
    "Nogizaka Haruka no Himitsu: Purezza": "乃木坂春香の秘密 ぴゅあれっつぁ♪",
    "Rockman.EXE Axess": "ロックマンエグゼ アクセス",
    "Watashi ga Motenai no wa Dou Kangaetemo Omaera ga Warui!": "私がモテないのはどう考えてもお前らが悪い!",
    "Yes! Precure 5 GoGo!": "Yes! プリキュア5 GoGo!",
    "Yu☆Gi☆Oh!": "遊☆戯☆王",
    "Black Blood Brothers": "ブラック・ブラッド・ブラザーズ",
    "Denki-gai no Honya-san": "デンキ街の本屋さん",
    "Dr. Slump: Arale-chan": "Dr.スランプ アラレちゃん",
    "Fate/kaleid liner Prisma☆Illya": "Fate/kaleid liner プリズマ☆イリヤ",
    "Inari, Konkon, Koi Iroha.": "いなり、こんこん、恋いろは。",
    "Lady Georgie": "レディジョージィ",
    "Love Hina": "ラブ ひな",
    "Madan no Ou to Vanadis": "魔弾の王と戦姫（ヴァナディース）",
    "Miracle☆Girls": "ミラクル☆ガールズ",
    "Onmyou Taisenki": "陰陽大戦記",
    "Senkaiden Houshin Engi": "仙界伝 封神演義",
    "Suzumiya Haruhi no Yuuutsu (2009)": "涼宮ハルヒの憂鬱 (2009)",
    "Tetsuwan Atom": "鉄腕アトム",
    "Usavich III": "ウサビッチ III",
    "Boogiepop wa Warawanai: Boogiepop Phantom": "ブギーポップは笑わない Boogiepop Phantom",
    "Cosmic Baton Girl Comet-san": "コスミックバトンガール コメットさん☆",
    "Gaiking: Legend of Daiku-Maryu": "ガイキング LEGEND OF DAIKU-MARYU",
    "Gantz": "ガンツ",
    "Ghost Sweeper GS Mikami": "GS美神 極楽大作戦!!",
    "Grander Musashi RV": "グランダー武蔵RV",
    "Kamisama Kazoku": "神様家族",
    "Kanon": "カノン",
    "Kaze no Youjinbou": "風の用心棒"
    }