{
    "Kaze no Youjinbou": "風の用心棒",
    "Kenran Butou Sai: The Mars Daybreak": "絢爛舞踏祭 ザ・マーズ・デイブレイク",
    "Kikou Souseiki Mospeada": "機甲創世記モスピーダ",
    "Koutetsu Jeeg": "鋼鉄ジーグ",
    "Kyougoku Natsuhiko: Kousetsu Hyaku Monogatari": "京極夏彦 巷説百物語",
    "Moonlight Mile 1st Season: Lift Off": "ムーンライトマイル 1stシーズン -Lift off-",
    "Red Baron": "レッドバロン",
    "SF Saiyuuki Starzinger": "SF西遊記 スタージンガー",
    "Sora wo Miageru Shoujo no Hitomi ni Utsuru Sekai": "空を見上げる少女の瞳に映る世界",
    "Usavich II": "ウサビッチ II",
    "Alps no Shoujo Heidi": "アルプスの少女ハイジ",
    "Arabian Nights: Sindbad no Bouken (TV)": "アラビアンナイト シンドバットの冒険",
    "Binan Koukou Chikyuu Bouei-bu LOVE! LOVE!": "美男高校地球防衛部LOVE! LOVE!",
    "Daisuki! BuBu ChaCha": "だいすき！ブーブー・チャチャ",
    "Gravitation": "グラビテーション",
    "H2O: Footprints in the Sand": "H2O -FOOTPRINTS IN THE SAND-",
    "Kenkou Zenrakei Suieibu Umishou": "健康全裸系水泳部 ウミショー",
    "Kyoukai no Rinne (TV) 2nd Season": "境界のRINNE 第2シリーズ",
    "Naruto SD: Rock Lee no Seishun Full-Power Ninden": "NARUTO -ナルト- SD ロック・リーの青春フルパワー忍伝",
    "Popolocrois Monogatari": "ポポロクロイス物語",
    "Rockman.EXE Beast": "ロックマンエグゼ ビースト",
    "Seimei no Kagaku: Micro Patrol": "生命の科学 マイクロパトロール",
    "Tetsuwan Atom (1980)": "鉄腕アトム (1980)",
    "Toushou Daimos": "闘将ダイモス",
    "Ai Yori Aoshi: Enishi": "藍より青し ～縁～",
    "Cardfight!! Vanguard": "カードファイト!! ヴァンガード",
    "Digimon Frontier": "デジモンフロンティア",
    "Dororo to Hyakkimaru": "どろろと百鬼丸",
    "Futari wa Precure: Splash☆Star": "ふたりはプリキュア Splash☆Star",
    "Hagure Yuusha no Aesthetica": "はぐれ勇者の鬼畜美学",
    "Haiyore! Nyaruko-san": "這いよれ！ニャル子さん",
    "Kaitou Joker 2nd Season": "怪盗ジョーカー シーズン2",
    "Lodoss-tou Senki: Eiyuu Kishi Den": "ロードス島戦記 英雄騎士伝",
    "Moyashimon Returns": "もやしもん リターンズ",
    "Muteki Koujin Daitarn 3": "無敵鋼人ダイターン3",
    "Ougon Yuusha Goldran": "黄金勇者ゴルドラン",
    "Project ARMS: The 2nd Chapter": "PROJECT ARMS The 2nd Chapter",
    "Pumpkin Scissors": "パンプキン・シザーズ",
    "Robin Hood no Daibouken": "ロビンフッドの大冒険",
    "Rockman.EXE Stream": "ロックマン.EXE Stream"
}

    
    
    
    