{
    "Sanzoku no Musume Ronja": "山賊の娘ローニャ",
    "Shin Hakkenden": "新八犬伝",
    "Tenchi Muyou! GXP": "天地無用! GXP",
    "Ai Yori Aoshi": "藍より青し",
    "Bosco Daibouken": "ボスコアドベンチャー",
    "Dae Jang Geum: Jang Geum's Dream": "宮廷女官 チャングムの夢",
    "Gakuen Senki Muryou": "学園戦記ムリョウ",
    "IGPX: Immortal Grand Prix (2005)": "IGPX イモータル・グランプリ",
    "Kyuuketsuhime Miyu (TV)": "吸血姫美夕",
    "Mahou Senshi Louie": "魔法戦士リウイ",
    "Mahou Shoujo-tai Arusu": "魔法少女隊アルス",
    "Monkey Punch: Manga Katsudou Daishashin": "モンキー・パンチ 漫画活動大写真",
    "Mouretsu Pirates": "モーレツ宇宙海賊",
    "Pokemon Sun & Moon": "ポケットモンスター サン&ムーン",
    "Qin Shiming Yue Zhi: Ye Jin Tianming": "秦時明月 ～叶隠天明～",
    "RD Sennou Chousashitsu": "RD 潜脳調査室",
    "Rosario to Vampire Capu2": "ロザリオとバンパイア Capu2",
    "Shadow Skill: Eigi": "影技 SHADOW SKILL",
    "Toaru Hikuushi e no Koiuta": "とある飛空士への恋歌",
    "Urayasu Tekkin Kazoku": "浦安鉄筋家族",
    "YAT Anshin! Uchuu Ryokou": "YAT安心!宇宙旅行",
    "Yuugo: Koushounin": "勇午 ～交渉人～",
    "Concrete Revolutio: Choujin Gensou - The Last Song": "コンクリート・レボルティオ～超人幻想～ THE LAST SONG",
    "Cyborg 009 (1979)": "サイボーグ009 (1979)",
    "GA: Geijutsuka Art Design Class": "GA 芸術科アートデザインクラス",
    "Gingitsune": "ぎんぎつね",
    "Macross 7": "マクロス7",
    "Pokemon Diamond & Pearl": "ポケットモンスター ダイヤモンド&パール",
    "Sansha Sanyou": "三者三葉",
    "Yami no Matsuei": "闇の末裔",
    "Yu☆Gi☆Oh!: Duel Monsters GX": "遊☆戯☆王デュエルモンスターズGX",
    "Aku no Hana": "惡の華",
    "Aoki Ryuusei SPT Layzner": "蒼き流星SPTレイズナー",
    "Bonobono (TV)": "ぼのぼの",
    "Dirty Pair": "ダーティペア",
    "Higepiyo": "ひげぴよ",
    "Keijo!!!!!!!!": "競女!!!!!!!!",
    "Kyoro-chan": "キョロちゃん",
    "Muteki Kanban Musume": "無敵看板娘",
    "Offside (TV)": "オフサイド"
    }