{
    "Nanbaka": "ナンバカ",
    "Ojamajo Doremi": "おジャ魔女どれみ",
    "Omamori Himari": "おまもりひまり",
    "Yakushiji Ryouko no Kaiki Jikenbo": "薬師寺涼子の怪奇事件簿",
    "Yuki no Joou": "雪の女王",
    "Yuri Kuma Arashi": "ユリ熊嵐",
    "B Gata H Kei": "B型H系",
    "Cobra The Animation": "COBRA THE ANIMATION",
    "Cyborg Kuro-chan": "サイボーグクロちゃん",
    "Dragon League": "ドラゴンリーグ",
    "Harukanaru Toki no Naka de: Hachiyou Shou": "遙かなる時空の中で ～八葉抄～",
    "Hime Chen! Otogi Chikku Idol Lilpri": "ひめチェン！おとぎちっくアイドル リルぷりっ",
    "Kazemakase Tsukikage Ran": "風まかせ月影蘭",
    "Mahou no Stage Fancy Lala": "魔法のステージファンシーララ",
    "Mahou no Tenshi Creamy Mami": "魔法の天使クリィミーマミ",
    "Maria†Holic": "まりあ†ほりっく",
    "Mermaid Melody Pichi Pichi Pitch Pure": "マーメイドメロディー ぴちぴちピッチ ピュア",
    "Ninja Senshi Tobikage": "忍者戦士飛影",
    "Nintama Rantarou": "忍たま乱太郎",
    "Okusama ga Seitokaichou!+!": "おくさまが生徒会長！+！",
    "Otome wa Boku ni Koishiteru": "乙女はお姉さまに恋してる",
    "Rental Magica": "レンタルマギカ",
    "Sekai Seifuku: Bouryaku no Zvezda": "世界征服～謀略のズヴィズダー～",
    "Sora no Manimani": "宙のまにまに",
    "Uta no☆Prince-sama♪ Maji Love Revolutions": "うたの☆プリンスさまっ♪マジLOVEレボリューションズ",
    "Yuusha Tokkyuu Might Gaine": "勇者特急マイトガイン",
    "Aikatsu Stars!": "アイカツスターズ！",
    "Anne Happy♪": "あんハピ♪",
    "Area 88 (TV)": "エリア88",
    "B'T X": "ビート・エックス",
    "Dual Parallel! Trouble Adventures": "デュアル！ぱられルンルン物語",
    "Future Card Buddyfight": "フューチャーカード バディファイト",
    "Geragera Boes Monogatari": "ゲラゲラブース物語",
    "Kaze no Naka no Shoujo: Kinpatsu no Jeanie": "風の中の少女 金髪のジェニー",
    "Kimi no Iru Machi": "君のいる町",
    "Madlax": "マドラックス",
    "Mahou Shoujo Ikusei Keikaku": "魔法少女育成計画",
    "Netoge no Yome wa Onnanoko ja Nai to Omotta?": "ネトゲの嫁は女の子じゃないと思った？",
    "Show By Rock!!": "SHOW BY ROCK!!",
    "Show By Rock!! #": "SHOW BY ROCK!! #"
    }