{
    "Soukou no Strain": "装甲のストレイン",
    "Taiho Shichau zo Special": "逮捕しちゃうぞ スペシャル",
    "Tsurikichi Sanpei": "釣りキチ三平",
    "All Out!!": "オールアウト!!",
    "Anyamal Tantei Kiruminzoo": "あにゃまる探偵 キルミンずぅ",
    "Asatte no Houkou.": "あさっての方向。",
    "Bomberman Jetters": "ボンバーマンジェッターズ",
    "Cardfight!! Vanguard G: Next": "カードファイト!! ヴァンガードG NEXT",
    "Chou Mashin Eiyuuden Wataru": "超魔神英雄伝ワタル",
    "Classroom☆Crisis": "クラスルーム☆クライシス",
    "Daisougen no Chiisana Tenshi: Bush Baby": "大草原の小さな天使 ブッシュベイビー",
    "Dog Days''": "ドッグデイズ''",
    "Elf wo Karu Mono-tachi": "エルフを狩るモノたち",
    "Gamba no Bouken": "ガンバの冒険",
    "Giant Gorg": "ジャイアントゴーグ",
    "Hataraki Man": "働きマン",
    "Kachou Ouji": "課長王子",
    "Kaibutsu Oujo": "怪物王女",
    "Mermaid Forest": "人魚の森",
    "Nanatsu-iro★Drops": "ななついろ★ドロップス",
    "Onegai My Melody": "おねがいマイメロディ",
    "Orenchi no Furo Jijou": "オレん家のフロ事情",
    "Peach Girl": "ピーチガール",
    "Princess Princess": "プリンセス・プリンセス",
    "PriPara": "プリパラ",
    "Punch Line": "パンチライン",
    "Seiken Tsukai no World Break": "聖剣使いの禁呪詠唱",
    "Seikimatsu Occult Gakuin": "世紀末オカルト学院",
    "Seiyou Kottou Yougashiten: Antique": "西洋骨董洋菓子店 アンティーク",
    "Shangri-La": "シャングリ・ラ",
    "Street Fighter II V": "ストリートファイターⅡ V",
    "Tonkatsu DJ Agetarou": "とんかつDJアゲ太郎",
    "Tsukuyomi: Moon Phase": "月詠 -MOON PHASE-",
    "Aldnoah.Zero 2nd Season": "アルドノア・ゼロ 第2クール",
    "Battle Spirits: Brave": "バトルスピリッツ ブレイヴ",
    "Choujigen Game Neptune The Animation": "超次元ゲイム ネプテューヌ THE ANIMATION",
    "D.C.S.S: Da Capo Second Season": "D.C.S.S ～ダ・カーポ セカンドシーズン～",
    "Devil May Cry": "デビル メイ クライ",
    "Dragon Quest: Abel Yuusha Densetsu": "ドラゴンクエスト アベル伝説",
    "Elf wo Karu Mono-tachi II": "エルフを狩るモノたちⅡ"
    }