{
    "Hayate no Gotoku! Cuties": "ハヤテのごとく！Cuties",
    "Hello! Sandybell": "ハロー！サンディベル",
    "Jitsu wa Watashi wa": "実は私は",
    "Ninku": "忍空",
    "Oshiete! Galko-chan": "教えて！ギャル子ちゃん",
    "Project ARMS": "プロジェクトアームズ",
    "Seirei Tsukai no Blade Dance": "精霊使いの剣舞",
    "Shin Koihime†Musou: Otome Tairan": "真・恋姫†無双～乙女大乱～",
    "Shippuu! Iron Leaguer": "疾風！アイアンリーガー",
    "Sore ga Seiyuu!": "それが声優！",
    "Strike Witches": "ストライクウィッチーズ",
    "Tom Sawyer no Bouken": "トム・ソーヤーの冒険",
    "Usavich": "ウサビッチ",
    ".hack//Sign": ".hack//Sign",
    "Air Master": "エア・マスター",
    "Aura Battler Dunbine": "聖戦士ダンバイン",
    "Cardfight!! Vanguard G: Stride Gate-hen": "カードファイト!! ヴァンガードG ストライドゲート編",
    "Cyborg 009 (TV)": "サイボーグ009",
    "Gakusen Toshi Asterisk": "学戦都市アスタリスク",
    "Galaxy Angel": "ギャラクシーエンジェル",
    "Kaiketsu Zorori": "かいけつゾロリ",
    "Kamen no Maid Guy": "仮面のメイドガイ",
    "Kamisama Dolls": "神様ドォルズ",
    "Kemono no Souja Erin: Soushuuhen": "獣の奏者エリン 総集編",
    "Last Exile: Ginyoku no Fam": "ラストエグザイル-銀翼のファム-",
    "Nils no Fushigi na Tabi": "ニルスのふしぎな旅",
    "Onegai My Melody Sukkiri♪": "おねがいマイメロディ すっきり♪",
    "Onegai! Samia Don": "おねがい！サミアどん",
    "Papa to Odorou": "パパと踊ろう",
    "Rosario to Vampire": "ロザリオとバンパイア",
    "Ryuusei no Rockman Tribe": "流星のロックマン トライブ",
    "Terra Formars": "テラフォーマーズ",
    "Blue Gender": "ブルージェンダー",
    "Blue Seed": "ブルーシード",
    "Captain Future": "キャプテン・フューチャー",
    "gdgd Fairies 2": "gdgd妖精s（ふぇありーず）2",
    "Generator Gawl": "ジェネレイターガウル",
    "Hidan no Aria": "緋弾のアリア",
    "Kenyuu Densetsu Yaiba": "剣勇伝説YAIBA",
    "Kodomo no Jikan (TV)": "こどものじかん"
    }