{
    "Kono Danshi, Mahou ga Oshigoto Desu.": "この男子、魔法がお仕事です。",
    "Medarot": "メダロット",
    "Monochrome Factor": "モノクローム・ファクター",
    "Ochamegami Monogatari: Korokoro Pollon": "おちゃめ神物語 コロコロポロン",
    "Shin Atashin'chi": "新あたしンち",
    "Shinmai Maou no Testament Burst": "新妹魔王の契約者 BURST",
    "Shuumatsu no Izetta": "終末のイゼッタ",
    "Sky Girls": "スカイガールズ",
    "Thermae Romae": "テルマエ・ロマエ",
    "Virtua Fighter": "バーチャファイター",
    "Yamato Takeru": "ヤマトタケル",
    "Croket!": "コロッケ！",
    "Dennou Boukenki Webdiver": "電脳冒険記ウェブダイバー",
    "Inazuma Eleven Go: Galaxy": "イナズマイレブンGO ギャラクシー",
    "IS: Infinite Stratos": "IS〈インフィニット・ストラトス〉",
    "Kaitou Joker 4th Season": "怪盗ジョーカー シーズン4",
    "Kakutou Bijin Wulong: Rebirth": "格闘美神 武龍 REBIRTH",
    "Kyojin no Hoshi": "巨人の星",
    "Mushrambo": "ムシュラムボー",
    "NG Knight Ramune & 40": "NG騎士ラムネ&40",
    "Ochame na Futago: Claire Gakuin Monogatari": "おちゃめな双子 クレア学院物語",
    "Servamp": "SERVAMP（サーヴァンプ）",
    "Stop!! Hibari-kun!": "ストップ!! ひばりくん!",
    "Yume no Crayon Oukoku": "夢のクレヨン王国",
    "Anime Himitsu no Hanazono": "アニメひみつの花園",
    "Binan Koukou Chikyuu Bouei-bu LOVE!": "美男高校地球防衛部LOVE!",
    "Dae Jang Geum: Jang Geum's Dream 2": "宮廷女官 チャングムの夢2",
    "Deltora Quest": "デルトラクエスト",
    "Dr. Slump": "Dr.スランプ",
    "Gi(a)rlish Number": "ガーリッシュ ナンバー",
    "Hayate no Gotoku! Can't Take My Eyes Off You": "ハヤテのごとく! CAN'T TAKE MY EYES OFF YOU",
    "Koutetsushin Jeeg": "鋼鉄神ジーグ",
    "Mahou Sensei Negima!": "魔法先生ネギま！",
    "Mashin Eiyuuden Wataru": "魔神英雄伝ワタル",
    "Mermaid Melody Pichi Pichi Pitch": "マーメイドメロディーぴちぴちピッチ",
    "Porphy no Nagai Tabi": "ポルフィの長い旅",
    "Renkin San-kyuu Magical? Pokaan": "錬金3級 まじかる?ぽか〜ん",
    "Rockman.EXE Beast+": "ロックマンエグゼ ビースト+",
    "Shinmai Maou no Testament": "新妹魔王の契約者",
    "Sousei no Onmyouji": "双星の陰陽師"
    }