{
    "Tongari Boushi no Memole": "とんがり帽子のメモル",
    "Asura Cryin'": "アスラクライン",
    "Densetsu Kyojin Ideon": "伝説巨神イデオン",
    "Digimon Savers": "デジモンセイバーズ",
    "El Hazard: The Wanderers": "異次元の世界エルハザード",
    "Freezing Vibration": "フリージング ヴァイブレーション",
    "Kagaku Ninja-tai Gatchaman": "科学忍者隊ガッチャマン",
    "Lost Universe": "ロスト ユニバース",
    "Montana Jones": "モンタナ・ジョーンズ",
    "Muumin": "ムーミン",
    "Otogizoushi": "お伽草子",
    "Shingetsutan Tsukihime": "真月譚 月姫",
    "Starship Operators": "スターシップ・オペレーターズ",
    "Tenjou Tenge": "天上天下",
    "UFO Princess Valkyrie 2: Juunigatsu no Yasoukyoku": "UFOプリンセスヴァルキューレ2 ～十二月の夜想曲～",
    "World Destruction: Sekai Bokumetsu no Rokunin": "ワールド・ディストラクション ～世界撲滅の六人～",
    "Days (TV)": "デイズ",
    "Domo-kun": "どーもくん",
    "Furusato Saisei: Nihon no Mukashibanashi": "ふるさと再生 日本の昔ばなし",
    "Ginga Tetsudou Monogatari: Eien e no Bunkiten": "銀河鉄道物語 ～永遠への分岐点～",
    "Gokukoku no Brynhildr": "極黒のブリュンヒルデ",
    "Honoo no Alpenrose: Judy & Randy": "炎のアルペンローゼ ジュディ＆ランディ",
    "Hoshi no Oujisama Petit Prince": "星の王子さま プチ・プランス",
    "Jinzou Ningen Kikaider The Animation": "人造人間キカイダー THE ANIMATION",
    "Kaitou Joker 3rd Season": "怪盗ジョーカー シーズン3",
    "Kishin Douji Zenki": "鬼神童子ZENKI",
    "Kiss x Sis (TV)": "キス×シス",
    "Kurogane no Linebarrels": "鉄のラインバレル",
    "Macademi Wasshoi!": "まかでみWAっしょい!",
    "Net Ghost Pipopa": "ネットゴーストPIPOPA",
    "Night Walker: Mayonaka no Tantei": "ナイトウォーカー 真夜中の探偵",
    "Otogi Juushi Akazukin": "おとぎ銃士 赤ずきん",
    "Shinkon Gattai Godannar!! 2nd Season": "神魂合体ゴーダンナー!! SECOND SEASON",
    "Sora wo Kakeru Shoujo": "宇宙をかける少女",
    "Ace wo Nerae!": "エースをねらえ!",
    "Battle Spirits: Sword Eyes": "バトルスピリッツ ソードアイズ",
    "Cardfight!! Vanguard: Legion Mate-hen": "カードファイト!! ヴァンガード レギオンメイト編",
    "Dash! Yonkurou": "ダッシュ!四駆郎",
    "Hai! Akko Desu": "はい!あっこです",
    "Kurozuka": "黒塚"
    }