{
    "Pita Ten": "ぴたテン",
    "Starmyu": "スタミュ",
    "Sumomomo Momomo: Chijou Saikyou no Yome": "すもももももも〜地上最強のヨメ〜",
    "Yumekui Merry": "夢喰いメリー",
    "Bakusou Kyoudai Let's & Go WGP": "爆走兄弟レッツ＆ゴー!! WGP",
    "Battle Programmer Shirase": "バトルプログラマーシラセ",
    "Black★Rock Shooter (TV)": "ブラック★ロックシューター",
    "Blassreiter": "ブラスレイター",
    "Cardfight!! Vanguard G: GIRS Crisis-hen": "カードファイト!! ヴァンガードG GIRS Crisis編",
    "Gate Keepers": "ゲートキーパーズ",
    "Gegege no Kitarou (2007)": "ゲゲゲの鬼太郎 (2007)",
    "Getter Robo": "ゲッターロボ",
    "Goal FH: Field Hunter": "ゴールFH フィールドハンター",
    "Saikyou Bushouden: Sangoku Engi": "最強武将伝 三国演義",
    "Shin Maple Town Monogatari: Palm Town-hen": "新メイプルタウン物語 パームタウン編",
    "Shinzou Ningen Casshern": "新造人間キャシャーン",
    "Super Fishing Grander Musashi": "超釣りキング グランダー武蔵",
    "YAT Anshin! Uchuu Ryokou 2": "YAT安心!宇宙旅行2",
    "Yu☆Gi☆Oh! Zexal Second": "遊☆戯☆王ZEXAL II (セカンド)",
    "Yuusha ni Narenakatta Ore wa Shibushibu Shuushoku wo Ketsui Shimashita.": "勇者になれなかった俺はしぶしぶ就職を決意しました。",
    ".hack//Roots": ".hack//Roots",
    "A-Channel": "Aチャンネル",
    "Beet the Vandel Buster": "冒険王ビィト",
    "Cardfight!! Vanguard: Asia Circuit-hen": "カードファイト!! ヴァンガード アジアサーキット編",
    "Devil Survivor 2 The Animation": "デビルサバイバー2",
    "Fractale": "フラクタル",
    "gdgd Fairies": "gdgd妖精s（ふぇありーず）",
    "Gegege no Kitarou (1968)": "ゲゲゲの鬼太郎 (1968)",
    "Genki Bakuhatsu Ganbaruger": "元気爆発ガンバルガー",
    "Gokujou Seitokai": "極上生徒会",
    "Hyper Police": "はいぱーぽりす",
    "Kinnikuman: Kinnikusei Oui Soudatsu-hen": "キン肉マン キン肉星王位争奪編",
    "Maria†Holic Alive": "まりあ†ほりっく あらいぶ",
    "Namiuchigiwa no Muromi-san": "波打際のむろみさん",
    "Natsu-iro Kiseki": "夏色キセキ",
    "Ore ga Ojousama Gakkou ni \"Shomin Sample\" Toshite Gets♥Sareta Ken": "俺がお嬢様学校に「庶民サンプル」としてゲッツされた件",
    "Rinne no Lagrange Season 2": "輪廻のラグランジェ season2",
    "Rockman.EXE": "ロックマンエグゼ",
    "Shingeki! Kyojin Chuugakkou": "進撃！巨人中学校",
    "Shouwa Monogatari": "昭和物語"
}