{
    "Boku no Hero Academia": "僕のヒーローアカデミア",
    "Gin no Saji 2nd Season": "銀の匙 2ndシーズン",
    "Little Busters!: Refrain": "リトルバスターズ！〜Refrain〜",
    "SKET Dance": "スケットダンス",
    "Bakuman.": "バクマン。",
    "Danshi Koukousei no Nichijou": "男子高校生の日常",
    "Major S4": "MAJOR シーズン4",
    "xxxHOLiC Kei": "xxxHOLiC◆継",
    "Death Parade": "デス・パレード",
    "Fullmetal Alchemist": "鋼の錬金術師",
    "Gyakkyou Burai Kaiji: Ultimate Survivor": "逆境無頼カイジ Ultimate Survivor",
    "Chihayafuru": "ちはやふる",
    "Dragon Ball Z": "ドラゴンボールZ",
    "Nagi no Asukara": "凪のあすから",
    "Neon Genesis Evangelion": "新世紀エヴァンゲリオン",
    "Trigun": "トライガン",
    "Sekaiichi Hatsukoi 2": "世界一初恋 2",
    "Yahari Ore no Seishun Love Comedy wa Machigatteiru. Zoku": "やはり俺の青春ラブコメはまちがっている。続",
    "Aria The Natural": "ARIA The NATURAL",
    "Black Lagoon: The Second Barrage": "ブラック・ラグーン The Second Barrage",
    "Clannad": "CLANNAD",
    "Kami nomi zo Shiru Sekai: Megami-hen": "神のみぞ知るセカイ 女神篇",
    "Gyakkyou Burai Kaiji: Hakairoku-hen": "逆境無頼カイジ 破戒録篇",
    "Initial D Final Stage": "頭文字D Final Stage",
    "Kaiba": "カイバ",
    "Saiki Kusuo no Ψ-nan (TV)": "斉木楠雄のΨ難 (TV)",
    "Kamisama Hajimemashita◎": "神様はじめました◎",
    "Skip Beat!": "スキップ・ビート！",
    "Yowamushi Pedal: Grande Road": "弱虫ペダル GRANDE ROAD",
    "Gankutsuou": "巌窟王",
    "Nodame Cantabile: Paris-hen": "のだめカンタービレ 巴里編",
    "Osomatsu-san": "おそ松さん",
    "Space☆Dandy 2nd Season": "スペース☆ダンディ 2ndシーズン",
    "Kaichou wa Maid-sama!": "会長はメイド様！",
    "Zankyou no Terror": "残響のテロル",
    "Darker than Black: Kuro no Keiyakusha": "DARKER THAN BLACK -黒の契約者-",
    "Detective Conan": "名探偵コナン",
    "Diamond no Ace": "ダイヤのA[エース]",
    "Fairy Tail (2014)": "フェアリーテイル (2014)",
    "Hibike! Euphonium 2": "響け！ユーフォニアム2"
}