{
    "Zettai Muteki Raijin-Oh": "絶対無敵ライジンオー",
    "Zettai Shounen": "絶対少年",
    "Zombie-Loan": "ゾンビローン",
    "Ai no Senshi Rainbowman": "愛の戦士レインボーマン",
    "CLAMP Gakuen Tanteidan": "CLAMP学園探偵団",
    "D.C.II: Da Capo II": "D.C.II 〜ダ・カーポII〜",
    "Hakaima Sadamitsu": "破壊魔定光",
    "Heisei Inu Monogatari Bow": "平成イヌ物語バウ",
    "Ikkyuu-san": "一休さん",
    "Kannazuki no Miko": "神無月の巫女",
    "Live On Cardliver Kakeru": "ライブオン CARDLIVER 翔",
    "Mashin Eiyuuden Wataru 2": "魔神英雄伝ワタル2",
    "Minami no Niji no Lucy": "南の虹のルーシー",
    "Onegai☆Twins": "おねがい☆ツインズ",
    "Ro-Kyu-Bu!": "ロウきゅーぶ！",
    "Shinigami no Ballad.": "しにがみのバラッド。",
    "Taimadou Gakuen 35 Shiken Shoutai": "対魔導学園35試験小隊",
    "Tribe Cool Crew": "トライブクルクル",
    "Tsuyoshi Shikkari Shinasai": "つよし しっかりしなさい",
    "Aa! Megami-sama!: Chichaitte Koto wa Benri da ne": "ああっ女神さまっ 小っちゃいって事は便利だねっ",
    "Amatsuki": "あまつき",
    "Animal Yokochou": "アニマル横町",
    "Daitoshokan no Hitsujikai": "大図書館の羊飼い",
    "Digimon Xros Wars": "デジモンクロスウォーズ",
    "Etotama": "えとたま",
    "Genji Monogatari Sennenki": "源氏物語千年紀 Genji",
    "Hare Tokidoki Buta (TV)": "晴れときどきぶた",
    "Hoshizora e Kakaru Hashi": "星空へ架かる橋",
    "Kantai Collection: KanColle": "艦隊これくしょん -艦これ-",
    "Kogepan": "こげぱん",
    "Mahoutsukai Precure!": "魔法つかいプリキュア！",
    "Pokemon Best Wishes! Season 2: Episode N": "ポケットモンスター ベストウイッシュ シーズン2 エピソードN",
    "Prince of Stride: Alternative": "プリンス・オブ・ストライド オルタナティブ",
    "Tantei Opera Milky Holmes": "探偵オペラ ミルキィホームズ",
    "Tetsujin 28-gou (1980)": "鉄人28号 (1980)",
    "Tokyo Mew Mew": "東京ミュウミュウ",
    "Wake Up, Girls!": "ウェイク アップ, ガールズ！",
    "White Album 2nd Season": "ホワイトアルバム2ndシーズン",
    "Zone of the Enders: Dolores, I": "ゾーン オブ エンダーズ ドロレス,i",
    "Code:Breaker": "コード:ブレイカー"
    }