{
    "Futari wa Precure: Max Heart": "ふたりはプリキュア Max Heart",
    "Iron Kid": "アイアンキッド",
    "Kinnikuman II Sei: Ultimate Muscle 2": "キン肉マンⅡ世 アルティメットマッスル2",
    "Koisuru Tenshi Angelique: Kokoro no Mezameru Toki": "恋する天使アンジェリーク 心のめざめる時",
    "Lostorage Incited WIXOSS": "ロストレージ インサイテッドWIXOSS",
    "Mirai Shounen Conan 2: Taiga Daibouken": "未来少年コナンⅡ タイガアドベンチャー",
    "Musaigen no Phantom World": "無彩限のファントム・ワールド",
    "Ninin ga Shinobuden": "ニニンがシノブ伝",
    "Princess Lover!": "プリンセスラバー！",
    "Rocket Girls": "ロケットガール",
    "Tottoko Hamtarou": "とっとこハム太郎",
    "Astro Boy: Tetsuwan Atom": "アストロボーイ・鉄腕アトム",
    "Asu no Yoichi!": "明日のよいち!",
    "Bakuten Shoot Beyblade G Revolution": "爆転シュート ベイブレードGレボリューション",
    "Battle Athletess Daiundoukai (TV)": "バトルアスリーテス大運動会",
    "Daikuu Maryuu Gaiking": "大空魔竜ガイキング",
    "Futakoi Alternative": "ふたこい オルタナティブ",
    "Garakuta-doori no Stain": "がらくた通りのステイン",
    "Ginga Senpuu Braiger": "銀河旋風ブライガー",
    "Gregory Horror Show: The Second Guest": "グレゴリーホラーショー ザ・セカンドゲスト",
    "Hana no Ko Lunlun": "花の子ルンルン",
    "Kyouryuu Boukenki Jura Tripper": "恐竜冒険記ジュラトリッパー",
    "Maji de Watashi ni Koi Shinasai!": "真剣で私に恋しなさい！",
    "Papuwa": "パプワ",
    "Rinne no Lagrange": "輪廻のラグランジェ",
    "Samurai Deeper Kyou": "SAMURAI DEEPER KYO",
    "Senki Zesshou Symphogear: Meteoroid-Falling, Burning, and Disappear, Then...": "戦姫絶唱シンフォギア: 流星群、燃えて散りぬるを",
    "TaoTao Ehonkan Sekai Doubutsu Banashi": "タオタオ絵本館 世界動物ばなし",
    "Tenpou Ibun: Ayakashi Ayashi": "天保異聞 妖奇士",
    "Chou Hatsumei Boy Kanipan": "超発明BOYカニパン",
    "Gyouten Ningen Batsealer": "仰天人間バトシーラー",
    "Hakaba Kitarou": "墓場鬼太郎",
    "Hyakka Ryouran: Samurai Girls": "百花繚乱 サムライガールズ",
    "Kanamemo": "かなめも",
    "Maburaho": "まぶらほ",
    "Mizuiro Jidai": "水色時代",
    "Moshidora": "もしドラ",
    "Neo Angelique Abyss": "ネオアンジェリーク Abyss",
    "Ninpuu Kamui Gaiden": "忍風カムイ外伝",
    "Sakura Taisen": "サクラ大戦"
}