{
    "Seigi wo Aisuru Mono Gekkou Kamen": "正義を愛する者 月光仮面",
    "Wakaba*Girl": "わかば＊ガール",
    "Zetman": "ゼットマン",
    "Aoi Blink": "青いブリンク",
    "Binchou-tan": "びんちょうタン",
    "Buzzer Beater 2nd Season": "ブザービーター 2nd シーズン",
    "Cheer Danshi!!": "チア男子!!",
    "Kishin Taisen Gigantic Formula": "機神大戦 ギガンティック・フォーミュラ",
    "Manga Sarutobi Sasuke": "まんが猿飛佐助",
    "Overman King Gainer": "オーバーマン キングゲイナー",
    "Recorder to Randoseru Re♪": "リコーダーとランドセル Re♪",
    "Samurai Flamenco": "サムライフラメンコ",
    "Schwarzesmarken": "シュヴァルツェスマーケン",
    "Super Seisyun Brothers": "スーパーセイシュンブラザーズ",
    "Tesagure! Bukatsumono Encore": "てさぐれ！部活もの あんこーる",
    "Tsurupika Hagemaru-kun": "つるピカハゲ丸くん",
    "Wellber no Monogatari: Sisters of Wellber Zwei": "ウェルベールの物語 〜Sisters of Wellber〜 Zwei",
    "Dear Boys": "ディア・ボーイズ",
    "Futari wa Precure": "ふたりはプリキュア",
    "Jungle Book Shounen Mowgli": "ジャングルブック 少年モーグリ",
    "Juubee-chan 2: Siberia Yagyuu no Gyakushuu": "十兵衛ちゃん2 シベリア柳生の逆襲",
    "Juushin Enbu: Hero Tales": "獣神演武 -HERO TALES-",
    "Kinnikuman II Sei: Ultimate Muscle": "キン肉マンⅡ世 アルティメットマッスル",
    "Kousoku Denjin Albegus": "光速電神アルベガス",
    "Majime ni Fumajime Kaiketsu Zorori": "まじめにふまじめ かいけつゾロリ",
    "Mamotte! Lollipop": "まもって! ロリポップ",
    "NieA Under 7": "ニア アンダーセブン",
    "Norimono Oukoku BuBu ChaCha": "のりもの王国 ブーブーチャチャ",
    "Osomatsu-kun": "おそ松くん",
    "Pokemon Housoukyoku": "ポケモン放送局",
    "Senkou no Night Raid": "閃光のナイトレイド",
    "Tokyo Tribe 2": "トーキョー トライブ2",
    "Uchuusen Sagittarius": "宇宙船サジタリウス",
    "VS Knight Lamune & 40 Fire": "VS騎士ラムネ&40炎",
    "Wakakusa no Charlotte": "若草のシャルロット",
    "Ai Shoujo Pollyanna Story": "愛少女ポリアンナ物語",
    "Ao no Kanata no Four Rhythm": "蒼の彼方のフォーリズム",
    "Chikyuu Shoujo Arjuna": "地球少女アルジュナ",
    "Dokkoida": "ドッコイダー",
    "Futsuu no Joshikousei ga [Locodol] Yattemita.": "普通の女子校生が【ろこどる】やってみた。"
    }