{
    "Future Card Buddyfight 100": "フューチャーカード バディファイト100",
    "Hime Chen! Otogi Chikku Idol Lilpri (2011)": "ひめチェン! おとぎちっくアイドル リルぷりっ",
    "Kiddy GiRL-AND": "キディ・ガーランド",
    "Kyoukai no Rinne (TV)": "境界のRINNE",
    "Mobile Suit Victory Gundam": "機動戦士Vガンダム",
    "Nekketsu Saikyou Go-Saurer": "熱血最強ゴウザウラー",
    "Nourin": "のうりん",
    "Pretty Rhythm: Dear My Future": "プリティーリズム・ディアマイフューチャー",
    "Brave 10": "ブレイブ・テン",
    "Happy☆Lesson: Advance": "ハッピー☆レッスン アドバンス",
    "Juuni Senshi Bakuretsu Eto Ranger": "十二戦支 爆烈エトレンジャー",
    "Karasu Tengu Kabuto": "烏天狗カブト",
    "Maple Town Monogatari": "メイプルタウン物語",
    "Muka Muka Paradise": "ムカムカパラダイス",
    "Shin Koihime†Musou": "真・恋姫†無双",
    "Shinkyoku Soukai Polyphonica": "神曲奏界ポリフォニカ",
    "Dakara Boku wa, H ga Dekinai.": "だから僕は、Hができない。",
    "Gunparade March: Arata Naru Kougunka": "ガンパレード・マーチ 〜新たなる行軍歌〜",
    "Ikkitousen: Dragon Destiny": "一騎当千 Dragon Destiny",
    "Ikkitousen: Great Guardians": "一騎当千 Great Guardians",
    "Jewelpet Happiness": "ジュエルペット ハピネス",
    "Ring ni Kakero 1: Sekai Taikai-hen": "リングにかけろ1 世界大会編",
    "Seton Doubutsuki": "セトン動物記",
    "Super Robot Taisen OG: Divine Wars": "スーパーロボット大戦OG ディバイン・ウォーズ",
    "Teekyuu 3": "てーきゅう 3期",
    "ViVid Strike!": "ViVid Strike!",
    "Yozakura Quartet": "夜桜四重奏 〜ヨザクラカルテット〜",
    "Agatha Christie no Meitantei Poirot to Marple": "アガサ・クリスティーの名探偵ポワロとマープル",
    "Binbou Shimai Monogatari": "貧乏姉妹物語",
    "Dr. Rin ni Kiitemite!": "Dr.リンにきいてみて!",
    "Ikkitousen: Xtreme Xecutor": "一騎当千 Xtreme Xecutor",
    "Innocent Venus": "イノセント・ヴィーナス",
    "Keroro": "ケロロ軍曹",
    "Kill Me Baby": "キルミーベイベー",
    "Kinnikuman II Sei": "キン肉マンII世",
    "Lamune": "らむね",
    "Mahoutsukai Tai!": "魔法使いTai!",
    "Seiken no Blacksmith": "聖剣の刀鍛冶",
    "Sengoku Basara: Judge End": "戦国BASARA Judge End",
    "Shin Tenchi Muyou!": "新・天地無用!"
    }