{
    "Silent Mobius": "サイレントメビウス",
    "Suki na Mono wa Suki Dakara Shou ga Nai!!": "好きなものは好きだからしょうがない!!",
    "Taiyou no Yuusha Fighbird": "太陽の勇者ファイバード",
    "Youkai Watch": "妖怪ウォッチ",
    "Argento Soma": "アルジェント ソーマ",
    "Astroganger": "アストロガンガー",
    "Bakuretsu Tenshi": "爆裂天使",
    "Denpa Kyoushi (TV)": "電波教師",
    "El Hazard: The Alternative World": "異次元の世界エルハザード2",
    "Fireball Charming": "ファイアボール チャーミング",
    "Hyakujuu-Ou GoLion": "百獣王ゴライオン",
    "Majimoji Rurumo": "まじもじるるも",
    "Majutsushi Orphen: Revenge": "魔術士オーフェンRevenge",
    "Mitsume ga Tooru": "三つ目がとおる",
    "Qin Shiming Yue Zhi: Bai Bu Fei Jian": "秦時明月 百步飛剣",
    "Suteki Tantei Labyrinth": "素敵探偵☆ラビリンス",
    "Akakichi no Eleven": "赤き血のイレブン",
    "Arashi no Yoru ni: Himitsu no Tomodachi": "あらしのよるに ひみつのともだち",
    "Blade of the Immortal": "無限の住人",
    "Chou Denji Robo Combattler V": "超電磁ロボ コン・バトラーV",
    "D.C.: Da Capo": "D.C.〜ダ・カーポ〜",
    "Dragon Crisis!": "ドラゴンクライシス!",
    "F": "エフ",
    "Heroman": "HEROMAN",
    "I My Me! Strawberry Eggs": "あぃまぃみぃ!ストロベリー・エッグ",
    "Kaibutsu-kun": "怪物くん",
    "Mahou Shoujo Pretty Sammy (1996)": "魔法少女プリティサミー",
    "Metal Fight Beyblade 4D": "メタルファイト ベイブレード 4D",
    "Miyuki": "みゆき",
    "Osomatsu-kun (1988)": "おそ松くん (1988)",
    "Pygmalio": "ピグマリオ",
    "Sengoku Majin Goushougun": "戦国魔神豪将軍",
    "Shutsugeki! Machine Robo Rescue": "出撃!マシンロボレスキュー",
    "Tayutama: Kiss on My Deity": "タユタマ -Kiss on my Deity-",
    "Tytania": "タイタニア",
    "Usavich IV": "ウサビッチ IV",
    "Andes Shounen Pepero no Bouken": "アンデス少年ペペロの冒険",
    "Battle Spirits: Burning Soul": "バトルスピリッツ 烈火魂",
    "Devilman Lady": "デビルマンレディー",
    "Kaitou Joker": "怪盗ジョーカー"
    }