{
    "Kono Minikuku mo Utsukushii Sekai": "この醜くも美しい世界",
    "Koutetsu Tenshi Kurumi": "鋼鉄天使くるみ",
    "Meiken Lassie": "名犬ラッシー",
    "Mirai Keisatsu Urashiman": "未来警察ウラシマン",
    "Ninja Hattori-kun": "忍者ハットリくん",
    "Sasami: Mahou Shoujo Club 2": "砂沙美☆魔法少女クラブ シーズン2",
    "Sasuke": "サスケ",
    "The Kabocha Wine": "ザ・かぼちゃワイン",
    "Tsukiuta. The Animation": "ツキウタ。 THE ANIMATION",
    "Viewtiful Joe": "ビューティフル ジョー",
    "Wonder Beat Scramble": "ワンダービート スクランブル",
    "Asobot Senki Gokuu": "アソボット戦記五九",
    "Bubuki Buranki: Hoshi no Kyojin": "ブブキ・ブランキ 星の巨人",
    "Canvas 2: Niji-iro no Sketch": "Canvas2 〜虹色のスケッチ〜",
    "Chocotto Sister": "ちょこッとSister",
    "Fortune Arterial: Akai Yakusoku": "FORTUNE ARTERIAL 赤い約束",
    "Goshuushou-sama Ninomiya-kun": "ご愁傷さま二ノ宮くん",
    "Hanaukyou Maid-tai: La Verite": "花右京メイド隊 La Verite",
    "Happiness Charge Precure!": "ハピネスチャージプリキュア！",
    "Hitohira": "ひとひら",
    "Hyakka Ryouran: Samurai Bride": "百花繚乱 サムライブライド",
    "Kingyo Chuuihou!": "金魚注意報！",
    "Monster Farm: Enbanseki no Himitsu": "モンスターファーム 円盤石の秘密",
    "Nishi no Yoki Majo: Astraea Testament": "西の善き魔女 Astraea Testament",
    "Peter Pan no Bouken": "ピーターパンの冒険",
    "Sekai Meisaku Douwa: Wow! Maerchen Oukoku": "世界名作童話 ワオ！メルヘン王国",
    "Shichinin no Nana": "7人のナナ",
    "Teekyuu 2": "てーきゅう 2期",
    "Tenshi ni Narumon!": "天使になるもんっ！",
    "Terra Formars Revenge": "テラフォーマーズ リベンジ",
    "Uchuu Kuubo Blue Noah": "宇宙空母ブルーノア",
    "Akai Koudan Zillion": "赤い光弾ジリオン",
    "Cardfight!! Vanguard G": "カードファイト!! ヴァンガードG",
    "Corrector Yui": "コレクター ユイ",
    "Doujin Work": "同人ワーク",
    "Ganbare! Kickers": "がんばれ！キッカーズ",
    "Girls Bravo: Second Season": "ガールズブラボー second season",
    "GR: Giant Robo": "GR -GIANT ROBO-",
    "Gregory Horror Show": "グレゴリーホラーショー",
    "Idol Densetsu Eriko": "アイドル伝説えり子"
    }