{
    "Kyouryuu Daisensou Aizenborg": "恐竜大戦争アイゼンボーグ",
    "Makai Senki Disgaea": "魔界戦記ディスガイア",
    "Makiba no Shoujo Katri": "牧場の少女カトリ",
    "Metal Fight Beyblade: Baku": "メタルファイト ベイブレード 爆",
    "Monster Farm: Legend e no Michi": "モンスターファーム 〜伝説への道〜",
    "Pupipo!": "プピポー！",
    "Uchuu Koukyoushi Maetel: Ginga Tetsudou 999 Gaiden": "宇宙交響詩メーテル 銀河鉄道999外伝",
    "UFO Princess Valkyrie": "UFOプリンセスヴァルキューレ",
    "Yoshinaga-san'chi no Gargoyle": "吉永さん家のガーゴイル",
    "Amaenaide yo!! Katsu!!": "あまえないでよっ!! 喝!!",
    "Dokidoki! Precure": "ドキドキ！プリキュア",
    "Eat-Man '98": "イートマン '98",
    "Hatsumei Boy Kanipan": "発明BOYカニパン",
    "Mayoi Neko Overrun!": "迷い猫オーバーラン！",
    "Panyo Panyo Di Gi Charat": "ぱにょぱにょデ・ジ・キャラット",
    "Ring ni Kakero 1: Kage Dou-hen": "リングにかけろ1 影道編",
    "Shakunetsu no Takkyuu Musume": "灼熱の卓球娘",
    "Souten no Ken": "蒼天の拳",
    "Tottemo! Luckyman": "とっても！ラッキーマン",
    "Blue Drop: Tenshi-tachi no Gikyoku": "BLUE DROP 天使達の戯曲",
    "C³": "C³ -シーキューブ-",
    "Dragon Drive": "ドラゴンドライブ",
    "Eureka Seven AO": "エウレカセブンAO",
    "Hiiro no Kakera": "緋色の欠片",
    "Jewelpet Kira☆Deco!": "ジュエルペット きら☆デコッ！",
    "Koihime†Musou": "恋姫†無双",
    "Night Head Genesis": "ナイトヘッドジェネシス",
    "Okusama ga Seitokaichou!": "おくさまが生徒会長！",
    "Oretachi ni Tsubasa wa Nai: Under the Innocent Sky.": "俺たちに翼はない -Under the Innocent Sky.",
    "Patalliro Saiyuuki!": "パタリロ西遊記！",
    "Teekyuu 4": "てーきゅう 4期",
    "Tesagure! Bukatsumono Spin-off Purupurun Sharumu to Asobou": "てさぐれ！部活もの スピンオフ ぷるぷるんシャルムと遊ぼう",
    "Uta Kata": "うた∽かた",
    "Asobi ni Iku yo!": "あそびにいくヨ！",
    "Concrete Revolutio: Choujin Gensou": "コンクリート・レボルティオ〜超人幻想〜",
    "Dansai Bunri no Crime Edge": "断裁分離のクライムエッジ",
    "Getter Robo G": "ゲッターロボG",
    "Haunted Junction": "HAUNTEDじゃんくしょん",
    "Hikari to Mizu no Daphne": "光と水のダフネ",
    "Juusenki L-Gaim": "重戦機エルガイム"
}