{
    "Ladies versus Butlers!": "れでぃ×ばと!",
    "Mahoutsukai ni Taisetsu na Koto": "魔法遣いに大切なこと",
    "Popee the Performer": "ポピー ザ パフォーマー",
    "Saijaku Muhai no Bahamut": "最弱無敗の神装機竜《バハムート》",
    "Teekyuu 5": "てーきゅう 5期",
    "Tokusou Kihei Dorvack": "特装機兵ドルバック",
    "Tonagura!": "となグラ!",
    "Viper's Creed": "ヴァイパーズ・クリード",
    "Yuusha Raideen": "勇者ライディーン",
    "12-sai.: Chicchana Mune no Tokimeki 2nd Season": "12歳。～ちっちゃなムネのトキメキ～ 2ndシーズン",
    "Anime 80-nichikan Sekai Isshuu": "アニメ80日間世界一周",
    "Arad Senki: Slap Up Party": "アラド戦記 〜スラップアップパーティー〜",
    "Bakuretsu Hunters": "爆れつハンター",
    "Bakusou Kyoudai Let's & Go": "爆走兄弟レッツ＆ゴー!!",
    "Chibi☆Devi!": "ちび☆デビ!",
    "Dondon Domeru to Ron": "どんどんドメルとロン",
    "Fireball": "ファイアボール",
    "Gekitou! Crush Gear Turbo": "激闘! クラッシュギアTURBO",
    "Jewelpet Sunshine": "ジュエルペット サンシャイン",
    "Kikou Senki Dragonar": "機甲戦記ドラグナー",
    "Mirai Robo Daltanias": "未来ロボ ダルタニアス",
    "Saikyou Ginga Ultimate Zero: Battle Spirits": "最強銀河 究極ゼロ 〜バトルスピリッツ〜",
    "Attack No.1": "アタックNo.1",
    "Choujuu Kishin Dancougar": "超獣機神ダンクーガ",
    "Chousoku Spinner": "超速スピナー",
    "Cross Fight B-Daman eS": "クロスファイト ビーダマンeS",
    "Di Gi Charat": "デ・ジ・キャラット",
    "DNA²": "DNA² 〜何処かで失くしたあいつのアイツ〜",
    "Hand Maid May": "ハンドメイド・メイ",
    "Itoshi no Muco": "いとしのムーコ",
    "Kono Naka ni Hitori, Imouto ga Iru!": "この中に1人、妹がいる!",
    "Massugu ni Ikou. 2nd Season": "まっすぐにいこう。 2ndシーズン",
    "Oyayubi Hime Monogatari": "おやゆび姫物語",
    "Ring ni Kakero 1: Nichibei Kessen-hen": "リングにかけろ1 日米決戦編",
    "Shiawase Sou no Okojo-san": "しあわせソウのオコジョさん",
    "Spider Riders: Yomigaeru Taiyou": "スパイダーライダーズ 〜よみがえる太陽〜",
    "Transformers: Choujin Master Force": "トランスフォーマー 超神マスターフォース",
    "30-sai no Hoken Taiiku": "30歳の保健体育",
    "Aiura": "あいうら",
    "Ashita e Attack!": "あしたへアタック!"
    }