{
    "Bakegyamon": "妖逆門",
    "Battle Spirits: Shounen Toppa Bashin": "バトルスピリッツ 少年突破バシン",
    "Denkou Chou Tokkyuu Hikarian": "電光超特急ヒカリアン",
    "Gegege no Kitarou (1971)": "ゲゲゲの鬼太郎 (1971)",
    "Ginyuu Mokushiroku Meine Liebe Wieder": "吟遊黙示録マイネリーベ wieder",
    "Hareluya II Boy": "ハレルヤIIボーイ",
    "Ichigo 100%": "いちご100%",
    "Jikuu Boukenki Zentrix": "時空冒険記ゼントリックス",
    "Koufuku Graffiti": "幸腹グラフィティ",
    "Majin Bone": "マジンボーン",
    "Nagagutsu wo Haita Neko no Bouken": "長靴をはいた猫の冒険",
    "Project BLUE Chikyuu SOS": "プロジェクトBLUE 地球SOS",
    "Seishun Anime Zenshuu": "青春アニメ全集",
    "Weiß Kreuz": "ヴァイスクロイツ",
    "Azuki-chan": "あずきちゃん",
    "Bananya": "ばなにゃ",
    "Cooking Papa": "クッキングパパ",
    "God Mazinger": "ゴッドマジンガー",
    "Grenadier: Hohoemi no Senshi": "グレネーダー 〜ほほえみの閃士〜",
    "Itsuka Tenma no Kuro Usagi": "いつか天魔の黒ウサギ",
    "Nobunagun": "ノブナガン",
    "Nurse Angel Ririka SOS": "ナースエンジェルりりかSOS",
    "Nyanpire The Animation": "にゃんぱいあ The Animation",
    "Omishi Mahou Gekijou: Risky/Safety": "臣士魔法劇場 リスキー☆セフティ",
    "Oz no Mahoutsukai (1986)": "オズの魔法使い (1986)",
    "Re-Kan!": "レーカン!",
    "Shinkon Gattai Godannar!!": "神魂合体ゴーダンナー!!",
    "Spoon Oba-san": "スプーンおばさん",
    "Stella no Mahou": "ステラのまほう",
    "Transformers Victory": "トランスフォーマー ビクトリー",
    "Ushinawareta Mirai wo Motomete": "失われた未来を求めて",
    "Yama no Susume": "ヤマノススメ",
    "Akuma no Riddle": "悪魔のリドル",
    "Araiguma Rascal": "あらいぐまラスカル",
    "Beet the Vandel Buster Excellion": "冒険王ビィト エクセリオン",
    "Dan Doh!!": "ダンドー",
    "Fight Ippatsu! Juuden-chan!!": "ファイト一発! 充電ちゃん!!",
    "Gad Guard": "ガドガード",
    "IS: Infinite Stratos 2": "IS〈インフィニット・ストラトス〉2",
    "Kaiketsu Jouki Tanteidan": "快傑蒸気探偵団"
    }
    
    
    
    