{
    "JoJo no Kimyou na Bouken: Stardust Crusaders": "ジョジョの奇妙な冒険 スターダストクルセイダース",
    "Maison Ikkoku": "めぞん一刻",
    "Non Non Biyori Repeat": "のんのんびより りぴーと",
    "Shijou Saikyou no Deshi Kenichi": "史上最強の弟子ケンイチ",
    "Gekkan Shoujo Nozaki-kun": "月刊少女野崎くん",
    "Initial D Fourth Stage": "頭文字D Fourth Stage",
    "Junjou Romantica 2": "純情ロマンチカ2",
    "Kingdom": "キングダム",
    "Kuragehime": "海月姫",
    "Magi: The Labyrinth of Magic": "マギ The labyrinth of magic",
    "Mobile Suit Gundam 00": "機動戦士ガンダム00",
    "ReLIFE": "ReLIFE",
    "Seirei no Moribito": "精霊の守り人",
    "Akatsuki no Yona": "暁のヨナ",
    "Durarara!!x2 Ketsu": "デュラララ!!×2 結",
    "Glass no Kamen (2005)": "ガラスの仮面 (2005)",
    "Gosick": "GOSICK -ゴシック-",
    "Initial D First Stage": "頭文字D First Stage",
    "Kill la Kill": "キルラキル",
    "Lovely★Complex": "ラブ★コン",
    "Princess Tutu": "プリンセスチュチュ",
    "Ashita no Joe": "あしたのジョー",
    "Fairy Tail": "フェアリーテイル",
    "Magi: Sinbad no Bouken (TV)": "マギ シンドバッドの冒険",
    "Shoujo Kakumei Utena": "少女革命ウテナ",
    "Full Metal Panic? Fumoffu": "フルメタル・パニック? ふもっふ",
    "Mobile Suit Gundam 00 Second Season": "機動戦士ガンダム00 Second Season",
    "Nisemonogatari": "偽物語",
    "Tsukimonogatari": "憑物語",
    "Ansatsu Kyoushitsu (TV)": "暗殺教室",
    "Baby Steps 2nd Season": "ベイビーステップ 第2シリーズ",
    "D.Gray-man": "D.Gray-man",
    "Mobile Suit Gundam: Iron-Blooded Orphans 2nd Season": "機動戦士ガンダム 鉄血のオルフェンズ 第2シーズン",
    "Ookiku Furikabutte: Natsu no Taikai-hen": "おおきく振りかぶって 夏の大会編",
    "Saiunkoku Monogatari 2nd Season": "彩雲国物語 第2シリーズ",
    "Dennou Coil": "電脳コイル",
    "Eureka Seven": "交響詩篇エウレカセブン",
    "Hikaru no Go": "ヒカルの碁",
    "Kimi ni Todoke": "君に届け",
    "Tokyo Magnitude 8.0": "東京マグニチュード8.0"
}