{
    "Meiken Jolie": "名犬ジョリィ",
    "Morita-san wa Mukuchi. 2": "森田さんは無口。2",
    "Mushi-Uta": "ムシウタ",
    "Recorder to Randoseru Mi☆": "リコーダーとランドセル ミ☆",
    "Bakuto Sengen Daigander": "爆闘宣言ダイガンダー",
    "Gegege no Kitarou (1996)": "ゲゲゲの鬼太郎 (1996)",
    "Kaibutsu-kun (1980)": "怪物くん (1980)",
    "Ketsuekigata-kun!": "血液型くん!",
    "Kiss Dum: Engage Planet": "キスダム -ENGAGE planet-",
    "Mahou no Princess Minky Momo": "魔法のプリンセス ミンキーモモ",
    "Mamotte Shugogetten!": "まもって守護月天！",
    "Moero! Top Striker": "燃えろ！トップストライカー",
    "Skull Man": "スカルマン",
    "Soreyuke! Uchuu Senkan Yamamoto Yohko (1999)": "それゆけ！宇宙戦艦ヤマモト・ヨーコ (1999)",
    "Teekyuu 6": "てーきゅう 6期",
    "Uchuu Senshi Baldios": "宇宙戦士バルディオス",
    "Absolute Duo": "アブソリュート・デュオ",
    "Ai no Gakko Cuore Monogatari": "愛の学校クオレ物語",
    "Chirorin Mura Monogatari": "チロリン村物語",
    "Esper Mami": "エスパー魔美",
    "Hamelin no Violin Hiki": "ハーメルンのバイオリン弾き",
    "Idaten Jump": "韋駄天翔",
    "Iketeru Futari": "イケてる2人",
    "Jungle Taitei (1989)": "ジャングル大帝 (1989)",
    "Juubee Ninpuuchou: Ryuuhougyoku-hen": "獣兵衛忍風帖「龍宝玉篇」",
    "Kakutou Bijin Wulong": "格闘美神 武龍",
    "Kouchuu Ouja Mushiking: Mori no Tami no Densetsu": "甲虫王者ムシキング 森の民の伝説",
    "Mezzo DSA": "メゾ DSA",
    "Occultic;Nine": "オカルティック・ナイン",
    "Oniichan dakedo Ai Sae Areba Kankeinai yo ne!": "お兄ちゃんだけど愛さえあれば関係ないよねっ",
    "Pokemon Best Wishes!": "ポケットモンスター ベストウイッシュ",
    "Pokemon Best Wishes! Season 2": "ポケットモンスター ベストウイッシュ シーズン2",
    "Wanwan Sanjuushi": "わんわん三銃士",
    "Wellber no Monogatari: Sisters of Wellber": "ウェルベールの物語 〜Sisters of Wellber〜",
    "Ai Tenshi Densetsu Wedding Peach": "愛天使伝説ウェディングピーチ",
    "B-Project: Kodou＊Ambitious": "B-PROJECT～鼓動＊アンビシャス～",
    "Bakuten Shoot Beyblade 2002": "爆転シュート ベイブレード2002",
    "Betterman": "ベターマン",
    "Chance Triangle Session": "チャンス トライアングルセッション",
    "Choujikuu Kidan Southern Cross": "超時空騎団サザンクロス"
}