{
    "Gegege no Kitarou (1985)": "ゲゲゲの鬼太郎 (1985)",
    "IGPX: Immortal Grand Prix": "IGPX イモータル・グランプリ",
    "Jungle Taitei: Susume Leo!": "ジャングル大帝 進めレオ！",
    "Kita e.: Diamond Dust Drops": "北へ。〜Diamond Dust Drops〜",
    "Kuusou Kagaku Sekai Gulliver Boy": "空想科学世界ガリバーボーイ",
    "Mahou no Yousei Persia": "魔法の妖精ペルシャ",
    "Nagato Yuki-chan no Shoushitsu": "長門有希ちゃんの消失",
    "Ore wa Teppei": "おれは鉄兵",
    "Sora no Method": "天体のメソッド",
    "Teekyuu": "てーきゅう",
    "Tide-Line Blue": "タイドライン・ブルー",
    "Wooser no Sono Higurashi: Kakusei-hen": "うーさーのその日暮らし 覚醒編",
    "Wooser no Sono Higurashi: Mugen-hen": "うーさーのその日暮らし 夢幻編",
    "Chikyuu Bouei Kazoku": "地球防衛家族",
    "D.C.III: Da Capo III": "D.C.III 〜ダ・カーポIII〜",
    "Hikari no Densetsu": "光の伝説",
    "Jewelpet": "ジュエルペット",
    "Kurogane Communication": "鉄コミュニケイション",
    "Mahou no Star Magical Emi": "魔法のスター マジカルエミ",
    "Medarot Damashii": "メダロット魂",
    "Ore, Twintail ni Narimasu.": "俺、ツインテールになります。",
    "Persona: Trinity Soul": "ペルソナ 〜トリニティ・ソウル〜",
    "Spider Riders: Oracle no Yuusha-tachi": "スパイダーライダーズ 〜オラクルの勇者たち〜",
    "Teekyuu 8": "てーきゅう 8期",
    "Time Bokan Series: Yatterman": "タイムボカンシリーズ ヤッターマン",
    "Umi Monogatari: Anata ga Ite Kureta Koto": "うみものがたり 〜あなたがいてくれたコト〜",
    "Warau Salesman": "笑ゥせぇるすまん",
    ".hack//Tasogare no Udewa Densetsu": ".hack//黄昏の腕輪伝説",
    "Aishite Knight": "愛してナイト",
    "Choujuushin Gravion Zwei": "超重神グラヴィオンツヴァイ",
    "E's Otherwise": "エス アザーワイズ",
    "Ganso Tensai Bakabon": "元祖天才バカボン",
    "Gun Frontier": "ガン フロンティア",
    "Hakugei Densetsu": "白鯨伝説",
    "Haou Taikei Ryuu Knight": "覇王大系リューナイト",
    "Jetter Mars": "ジェッターマルス",
    "Kemeko Deluxe!": "ケメコデラックス！",
    "Line Offline: Salaryman": "LINE OFFLINE サラリーマン",
    "Mach GoGoGo": "マッハGoGoGo",
    "Majokko Megu-chan": "魔女っ子メグちゃん"
    }