{
    "Mama wa Poyopoyo Saurus ga Osuki": "ママはぽよぽよザウルスがお好き",
    "Nanaka 6/17": "ななか6/17",
    "Persona 4 the Golden Animation": "ペルソナ4 ザ・ゴールデン アニメーション",
    "Ranpo Kitan: Game of Laplace": "乱歩奇譚 Game of Laplace",
    "Seikoku no Dragonar": "星刻のドラグナー",
    "Stratos 4": "ストラトス・フォー",
    "Transformers Galaxy Force": "トランスフォーマー ギャラクシーフォース",
    "Wild Arms: Twilight Venom": "ワイルドアームズ トワイライトヴェノム",
    "3 Choume no Tama: Uchi no Tama Shirimasenka?": "3丁目のタマ うちのタマ知りませんか?",
    "Bakusou Kyoudai Let's & Go MAX": "爆走兄弟レッツ&ゴー!! MAX",
    "Blue Dragon: Tenkai no Shichi Ryuu": "BLUE DRAGON 天界の七竜",
    "Coyote Ragtime Show": "コヨーテ ラグタイムショー",
    "Dokonjou Gaeru": "ど根性ガエル",
    "Gasaraki": "ガサラキ",
    "Honoo no Mirage": "炎の蜃気楼",
    "Kanokon": "かのこん",
    "Ketsuekigata-kun! 2": "血液型くん!2",
    "Love Get Chu": "ラブゲッCHU 〜ミラクル声優白書〜",
    "Pokonyan!": "ぽこにゃん",
    "Sacred Seven": "セイクリッドセブン",
    "Sasami-san@Ganbaranai": "ささみさん@がんばらない",
    "Shirayuki Hime no Densetsu": "白雪姫の伝説",
    "Tokyo Underground": "東京アンダーグラウンド",
    "White Album": "ホワイトアルバム",
    "Alps Monogatari: Watashi no Annette": "アルプス物語 わたしのアンネット",
    "Baby Baachan": "ベイビィ★バーチャン",
    "Blood-C": "ブラッド-C",
    "Buzzer Beater": "ブザービーター",
    "Dagashi Kashi": "だがしかし",
    "Element Hunters": "エレメントハンター",
    "Gokujou!! Mecha Mote Iinchou": "極上!!めちゃモテ委員長",
    "Hoshi no Kirby": "星のカービィ",
    "Juubee-chan: Lovely Gantai no Himitsu": "十兵衛ちゃん -ラブリー眼帯の秘密",
    "Kage kara Mamoru!": "影からマモル!",
    "Kämpfer": "けんぷファー",
    "Midori no Makibao": "みどりのマキバオー",
    "Nekogami Yaoyorozu": "猫神やおよろず",
    "Ohayo! Spank": "おはよう！スパンク",
    "Ougon Bat": "黄金バット",
    "Queen's Blade: Gyokuza wo Tsugu Mono": "クイーンズブレイド 玉座を継ぐ者"
    }