{
    "Sasuga no Sarutobi": "さすがの猿飛",
    "Shin Ace wo Nerae!": "新・エースをねらえ！",
    "Time Bokan": "タイムボカン",
    "Tondemo Senshi Muteking": "とんでも戦士ムテキング",
    "Tono to Issho: Gantai no Yabou": "殿といっしょ 〜眼帯の野望〜",
    "Toushi Gordian": "闘士ゴーディアン",
    "Tsuyokiss": "つよきす",
    "Yami to Boushi to Hon no Tabibito": "闇と帽子と本の旅人",
    "Akihabara Dennou-gumi": "アキハバラ電脳組",
    "Battle Spirits: Heroes": "バトルスピリッツ ヒーローズ",
    "Bomberman B-Daman Bakugaiden": "ボンバーマン ビーダマン爆外伝",
    "Cutey Honey F": "キューティーハニーF",
    "Dragon Ball GT": "ドラゴンボールGT",
    "Duel Masters Cross": "デュエル・マスターズ クロス",
    "Entaku no Kishi Monogatari: Moero Arthur": "円卓の騎士物語 燃えろアーサー",
    "Hanaukyou Maid-tai": "花右京メイド隊",
    "Inugami-san to Nekoyama-san": "犬神さんと猫山さん",
    "Juushin Liger": "獣神ライガー",
    "M3: Sono Kuroki Hagane": "M3 〜ソノ黒キ鋼〜",
    "Metal Fight Beyblade": "メタルファイト ベイブレード",
    "Seton Doubutsuki: Kuma no Ko Jacky": "セトン動物記 くまの子ジャッキー",
    "Telepathy Shoujo Ran": "テレパシー少女 蘭",
    "Tezuka Osamu no Kyuuyaku Seisho Monogatari: In the Beginning": "手塚治虫の旧約聖書物語 In The Beginning",
    "Transformers: Car Robots": "トランスフォーマー カーロボット",
    "Uchuu Taitei God Sigma": "宇宙大帝ゴッドシグマ",
    "Video Senshi Lezarion": "ビデオ戦士レザリオン",
    "Weiß Kreuz Glühen": "ヴァイスクロイツ グリーエン",
    "Yosuga no Sora: In Solitude, Where We Are Least Alone.": "ヨスガノソラ In solitude, where we are least alone.",
    "Ashita e Free Kick": "明日へフリーキック",
    "Burn Up Excess": "バーンナップEXCESS",
    "Dance with Devils": "Dance with Devils",
    "Galactic Patrol Lensman": "銀河パトロール レンズマン",
    "Ginga Shippuu Sasuraiger": "銀河疾風サスライガー",
    "Hakuouki: Otogisoushi": "薄桜鬼 〜御伽草子〜",
    "Jagainu-kun": "じゃがいぬくん",
    "Kero Kero Chime": "ケロケロちゃいむ",
    "Kishin Houkou Demonbane (TV)": "機神咆吼デモンベイン",
    "Massugu ni Ikou.": "まっすぐにいこう。",
    "Master Mosquiton 99": "マスターモスキートン'99",
    "Qualidea Code": "クオリディア・コード"
    }