{
    "Sengoku Otome: Momoiro Paradox": "戦国乙女～桃色パラドックス～",
    "Seton Doubutsuki: Risu no Banner": "セトン動物記 りすのバナー",
    "Shugo Chara! Party!": "しゅごキャラ！パーティー！",
    "Tokkou": "特攻",
    "Touka Gettan": "桃華月憚",
    "Yuusha Exkaiser": "勇者エクスカイザー",
    "Bomberman B-Daman Bakugaiden V": "ボンバーマン・ビーダマン爆外伝V",
    "Eat-Man": "イートマン",
    "Fushigi Mahou Fun Fun Pharmacy": "ふしぎ魔法ファンファンファーマシィー",
    "Hana no Mahoutsukai Mary Bell": "花の魔法使いマリーベル",
    "Narue no Sekai": "成恵の世界",
    "Ojisan to Marshmallow": "おじさんとマシュマロ",
    "R-15": "R-15",
    "Ring ni Kakero 1": "リングにかけろ1",
    "To Heart": "トゥハート",
    "12-sai.: Chicchana Mune no Tokimeki": "12歳。～ちっちゃなムネのトキメキ～",
    "Akaneiro ni Somaru Saka": "あかね色に染まる坂",
    "Bannou Bunka Neko-Musume (1998)": "万能文化猫娘 (1998)",
    "Beast Wars Neo": "ビーストウォーズネオ",
    "Final Approach": "ふぁいなる・あぷろーち",
    "Girls Bravo: First Season": "GIRLSブラボー first season",
    "Glass no Kantai: La Legende du Vent de l'Univers": "ガラスの艦隊",
    "Joshikousei: Girl's High": "女子高生 GIRL'S-HIGH",
    "Jungle Taitei": "ジャングル大帝",
    "Kore ga Watashi no Goshujinsama": "これが私の御主人様",
    "Kyoushirou to Towa no Sora": "京四郎と永遠の空",
    "Maken-Ki!": "マケン姫っ！",
    "Miracle☆Train: Oedo-sen e Youkoso": "ミラクル☆トレイン ～大江戸線へようこそ～",
    "Psychoarmor Govarian": "サイコアーマー ゴーバリアン",
    "RDG: Red Data Girl": "RDG レッドデータガール",
    "RESTOL: Special Rescue Team": "レストル 特捜救助隊",
    "Rewrite": "Rewrite",
    "Seikon no Qwaser II": "聖痕のクェイサー II",
    "Star Ocean EX": "スターオーシャンEX",
    "Transformers Headmasters": "トランスフォーマー ザ☆ヘッドマスターズ",
    "Trouble Chocolate": "とらぶるチョコレート",
    "Yoroshiku Mechadock": "よろしくメカドック",
    "Yume no Hoshi no Button Nose": "夢の星のボタンノーズ",
    "Arata Kangatari": "アラタカンガタリ～革神語～",
    "Brave Witches": "ブレイブウィッチーズ"
    }