{
    "Chargeman Ken!": "チャージマン研!",
    "Comic Party": "こみっくパーティー",
    "Comic Party Revolution": "こみっくパーティーRevolution",
    "Cosmo Warrior Zero": "コスモウォーリアー零",
    "Cutey Honey": "キューティーハニー",
    "Digimon Xros Wars: Toki wo Kakeru Shounen Hunter-tachi": "デジモンクロスウォーズ 時を駆ける少年ハンターたち",
    "iDOLM@STER Xenoglossia": "アイドルマスター ゼノグラシア",
    "Inu to Hasami wa Tsukaiyou": "犬とハサミは使いよう",
    "Kojika Monogatari": "子鹿物語",
    "Kurenai Sanshirou": "紅三四郎",
    "Little Lulu to Chicchai Nakama": "リトル・ルルとちっちゃい仲間",
    "Tetsujin 28-gou": "鉄人28号",
    "Time Travel Shoujo: Mari Waka to 8-nin no Kagakusha-tachi": "タイムトラベル少女 ～マリ・ワカと8人の科学者たち～",
    "Wakusei Robo Danguard Ace": "惑星ロボ ダンガードA(エース)",
    "Yatterman": "ヤッターマン",
    "Z/X: Ignition": "Z/X IGNITION",
    "Ai to Yuuki no Pig Girl Tonde Buurin": "愛と勇気のピッグガール とんでぶーりん",
    "Amaenaide yo!!": "あまえないでよっ!!",
    "Happy Happy Clover": "はぴはぴクローバー",
    "Hitori no Shita: The Outcast": "一人之下 the outcast",
    "Meme Iroiro Yume no Tabi": "メーメー色々夢の旅",
    "Nekojiru Gekijou Jirujiru Original": "猫汁劇場 じるじるオリジナル",
    "Pucca (2006)": "プッカ",
    "Rizelmine": "りぜるまいん",
    "Samurai Giants": "サムライジャイアンツ",
    "Sengoku Musou": "戦国無双",
    "Tottoko Hamtarou Hai!": "とっとこハム太郎はーい!",
    "Wakako-zake": "ワカコ酒",
    "Arrow Emblem Grand Prix no Taka": "アローエンブレム グランプリの鷹",
    "Attacker You!": "アタッカーYOU!",
    "Bus Gamer": "バスゲーマー",
    "Chou Tokkyuu Hikarian": "超特急ヒカリアン",
    "Chouon Senshi Borgman": "超音戦士ボーグマン",
    "Fortune Quest L": "フォーチュンクエストL",
    "Ginga Patrol PJ": "銀河パトロールPJ",
    "HenSemi (TV)": "変ゼミ（テレビ）",
    "Honto ni Atta! Reibai Sensei": "ほんとにあった! 霊媒先生",
    "Koukaku no Pandora": "甲殻のパンドラ",
    "La Seine no Hoshi": "ラ・セーヌの星",
    "Maicching Machiko-sensei": "まいっちんぐマチコ先生"
    }