{
    "Ooyasan wa Shishunki!": "大家さんは思春期！",
    "Otogi Story Tenshi no Shippo": "おとぎストーリー 天使のしっぽ",
    "Rolling☆Girls": "ローリング☆ガールズ",
    "Shounen Hollywood: Holly Stage for 50": "少年ハリウッド -HOLLY STAGE FOR 50-",
    "Super Doll Licca-chan": "スーパードール★リカちゃん",
    "Tatakae!! Ramenman": "闘将!!拉麺男",
    "Tensai Bakabon": "天才バカボン",
    "Brave Beats": "ブレイブビーツ",
    "Dororon Enma-kun Meeramera": "ドロロンえん魔くん メ~ラめら",
    "Eden's Bowy": "エデンズ ボゥイ",
    "Examurai Sengoku": "エグザムライ戦国",
    "Go-Q-Choji Ikkiman": "GO-Q-CHOJI イッキマン",
    "Hamster Club": "ハムスター倶楽部",
    "Joou Heika no Petite Angie": "女王陛下のプティアンジェ",
    "Mahou Shoujo Lalabel": "魔法少女ララベル",
    "Miss Monochrome: The Animation 3": "ミス・モノクローム -The Animation- 3",
    "Nobunaga no Shinobi": "信長の忍び",
    "Nono-chan": "ののちゃん",
    "Norn9: Norn+Nonet": "ノルン+ノネット",
    "Reideen": "ライディーン",
    "Tesagure! Bukatsumono": "てさぐれ！部活もの",
    "To Heart 2": "トゥハート2",
    "Uchuu Kaizoku Mito no Daibouken": "宇宙海賊ミトの大冒険",
    "Dallyeola Hani": "ダリョラ・ハニ",
    "Danchigai": "だんちがい",
    "DD Hokuto no Ken (2013)": "DD北斗の拳 (2013)",
    "Dokkiri Doctor": "どっきりドクター",
    "Futakoi": "双恋",
    "Futarigurashi": "ふたりぐらし",
    "Gokujou!! Mecha Mote Iinchou Second Collection": "極上!!めちゃモテ委員長 セカンドコレクション",
    "Kikou Kai Galient": "機甲界ガリアン",
    "Kinkyuu Hasshin Saver Kids": "緊急発進セイバーキッズ",
    "Miami Guns": "マイアミ☆ガンズ",
    "Muteki Robo Trider G7": "無敵ロボ トライダーG7",
    "Paul no Miracle Daisakusen": "ポールのミラクル大作戦",
    "Shining Tears X Wind": "シャイニング・ティアーズ・クロス・ウィンド",
    "Tenshi no Shippo Chu!": "天使のしっぽChu!",
    "Tokyo ESP": "東京ESP",
    "Trickster: Edogawa Ranpo 'Shounen Tanteidan' yori": "トリックスター 江戸川乱歩「少年探偵団」より",
    "Wakakusa no Yon Shimai": "若草の四姉妹"
    }