{
    "Yume de Aetara (TV)": "夢で逢えたら",
    "Fudanshi Koukou Seikatsu": "腐男子高校生活",
    "Gakkou no Kowai Uwasa: Hanako-san ga Kita!!": "学校のコワイうわさ 花子さんがきた!!",
    "Kagaku Ninja-tai Gatchaman F": "科学忍者隊ガッチャマンF",
    "Kiteretsu Daihyakka": "キテレツ大百科",
    "Morita-san wa Mukuchi.": "森田さんは無口。",
    "PetoPeto-san": "ぺとぺとさん",
    "Rokumon Tengai Mon Colle Knights": "六門天外モンコレナイト",
    "Saru Getchu: On Air 2nd": "サルゲッチュ オンエアー2nd",
    "Shin Megami Tensei Devil Children": "真・女神転生デビルチルドレン",
    "Shuffle! Memories": "シャッフル！メモリーズ",
    "Tetsuko no Tabi": "鉄子の旅",
    "Arc the Lad": "アークザラッド",
    "ChäoS;HEAd": "カオスヘッド",
    "Fushigi na Melmo": "ふしぎなメルモ",
    "Ikkitousen": "一騎当千",
    "Jewelpet Magical Change": "ジュエルペット マジカルチェンジ",
    "Kokoro Toshokan": "ココロ図書館",
    "Shin Megami Tensei Devil Children: Light & Dark": "真・女神転生デビルチルドレン ライト&ダーク",
    "Shin Minashigo Hutch": "新みなしごハッチ",
    "Usavich V": "ウサビッチ V",
    "Bakuon!!": "ばくおん!!",
    "Disney Tsum Tsum": "ディズニー ツムツム",
    "Miss Monochrome: The Animation 2": "ミス・モノクローム -The Animation- 2",
    "Nanami-chan 2nd Series": "ななみちゃん 2ndシリーズ",
    "Pokemon Best Wishes! Season 2: Decolora Adventure": "ポケットモンスター ベストウイッシュ シーズン2 デコロラアドベンチャー",
    "Sore Ike! Anpanman": "それいけ！アンパンマン",
    "To Be Hero": "トゥ・ビー・ヒーロー",
    "Android Ana Maico 2010": "アンドロイド・アナ MAICO 2010",
    "Chou Supercar Gattiger": "超スーパーカー ガッタイガー",
    "Hi☆sCoool! SeHa Girls": "Hi☆sCoool! セハガール",
    "Konchuu Monogatari Minashigo Hutch (1989)": "昆虫物語 みなしごハッチ (1989)",
    "Mission-E": "ミッション-E",
    "Mobile Suit Gundam AGE": "機動戦士ガンダムAGE",
    "Prism Ark": "プリズム・アーク",
    "Pucca (2008)": "プッカ (2008)",
    "Saint October": "セイントオクトーバー",
    "Softenni": "そふてにっ",
    "Stella Jogakuin Koutou-ka C³-bu": "ステラ女学院高等科C³部",
    "Taichi Senjimon": "太極千字文"
    }