{
    "Yoru no Yatterman": "夜ノヤッターマン",
    "Boys Be...": "ボーイズ・ビー",
    "Catman Series III": "キャットマン シリーズIII",
    "Chiisana Viking Vickie": "小さなバイキング ビッケ",
    "Chou Kuse ni Narisou": "超くせになりそう",
    "Chousoku Henkei Gyrozetter": "超速変形ジャイロゼッター",
    "Gakkatsu!": "ガッ活！",
    "Go! Go! Itsutsugo Land": "ゴーゴー五つ子ら・ん・ど",
    "Hacka Doll The Animation": "ハッカドール THE・あにめーしょん",
    "Jinsei": "人生相談テレビアニメーション「人生」",
    "L/R: Licensed by Royal": "L/R: Licensed by Royal",
    "Metal Fight Beyblade Zero G": "メタルファイト ベイブレード ZEROG",
    "Saint Seiya Omega": "聖闘士星矢Ω",
    "Strange Dawn": "ストレンジドーン",
    "Umi no Triton": "海のトリトン",
    "Zoids Fuzors": "ゾイドフューザーズ",
    "Active Raid: Kidou Kyoushuushitsu Dai Hachi Gakari 2nd": "アクティヴレイド -機動強襲室第八係- 2nd",
    "Anmitsu Hime": "あんみつ姫",
    "Babel Nisei (1973)": "バビル2世 (1973)",
    "Brothers Conflict": "BROTHERS CONFLICT",
    "Card Wang: Mix Master": "カード王 ミックスマスター",
    "Chi's Sweet Home (2016)": "チーズスイートホーム (2016)",
    "Chogattai Majutsu Robot Ginguiser": "超合体魔術ロボ ギンガイザー",
    "Crush Gear Nitro": "激闘! クラッシュギアNITRO",
    "Genji Tsuushin Agedama": "元気通信アゲダマ",
    "Himawari!!": "ひまわりっ!!",
    "Honey Honey no Suteki na Bouken": "ハニーハニーのすてきな冒険",
    "Juusenshi Gulkeeva": "獣戦士ガルキーバ",
    "Kagaku Ninja-tai Gatchaman II": "科学忍者隊ガッチャマンII",
    "Kanojo ga Flag wo Oraretara": "彼女がフラグをおられたら",
    "Kikou Kantai Dairugger XV": "機甲艦隊ダイラガーXV",
    "Maeterlinck no Aoi Tori: Tyltyl Mytyl no Bouken Ryokou": "メーテルリンクの青い鳥 チルチルミチルの冒険旅行",
    "Miyanishi Tatsuya Gekijou: Omae Umasou da na": "宮西達也劇場 おまえうまそうだな",
    "Nanami-chan 3rd Series": "ななみちゃん 3rdシリーズ",
    "Onegai♪My Melody Kirara★": "おねがい♪マイメロディ きららっ★",
    "Sister Princess": "シスター・プリンセス",
    "Yokuwakaru Gendaimahou": "よくわかる現代魔法",
    "Yu☆Gi☆Oh! Zexal": "遊☆戯☆王ゼアル",
    "Cheburashka Arere?": "チェブラーシカ あれれ?",
    "Domo TV": "どーもくん"
    }