{
    "Cardcaptor Sakura": "カードキャプターさくら",
    "ef: A Tale of Melodies.": "ef - a tale of melodies.",
    "Gin no Saji": "銀の匙 Silver Spoon",
    "Hachimitsu to Clover": "ハチミツとクローバー",
    "Kodomo no Omocha (TV)": "こどものおもちゃ",
    "Working!!!": "ワーキング!!!",
    "Black Lagoon": "ブラック・ラグーン",
    "Higurashi no Naku Koro ni": "ひぐらしのなく頃に",
    "Hyouka": "氷菓",
    "Kanon (2006)": "カノン (2006)",
    "Kimi ni Todoke 2nd Season": "君に届け 2ND SEASON",
    "Noragami": "ノラガミ",
    "Zetsuen no Tempest": "絶園のテンペスト",
    "Dragon Ball": "ドラゴンボール",
    "Hanada Shounen-shi": "花田少年史",
    "Junjou Romantica 3": "純情ロマンチカ 3",
    "Juuni Kokuki": "十二国記",
    "Mirai Shounen Conan": "未来少年コナン",
    "Phantom: Requiem for the Phantom": "ファントム Requiem for the Phantom",
    "Toaru Kagaku no Railgun S": "とある科学の超電磁砲S",
    "Touch": "タッチ",
    "Yowamushi Pedal": "弱虫ペダル",
    "Durarara!!x2 Shou": "デュラララ!!×2 承",
    "Nurarihyon no Mago: Sennen Makyou": "ぬらりひょんの孫 千年魔京",
    "School Rumble Ni Gakki": "スクールランブル 二学期",
    "Sekaiichi Hatsukoi": "世界一初恋",
    "Akagami no Shirayuki-hime 2nd Season": "赤髪の白雪姫 第2期",
    "Ginga Nagareboshi Gin": "銀牙 -流れ星 銀-",
    "Initial D Fifth Stage": "頭文字D Fifth Stage",
    "K-On!!": "けいおん!!",
    "Log Horizon": "ログ・ホライズン",
    "Slayers Next": "スレイヤーズNEXT",
    "Igano Kabamaru": "伊賀野カバ丸",
    "Kamisama Hajimemashita": "神様はじめました",
    "Ushio to Tora (TV) 2nd Season": "うしおととら（TV）第2期",
    "Ajin 2nd Season": "亜人 第2クール",
    "City Hunter 2": "シティーハンター2",
    "Durarara!!x2 Ten": "デュラララ!!×2 転",
    "ef: A Tale of Memories.": "ef - a tale of memories.",
    "Ginga Sengoku Gunyuuden Rai": "銀河戦国群雄伝ライ"
    }