{
    "Galaxy Angel Rune": "ギャラクシーエンジェルるーん",
    "Ginga Reppuu Baxingar": "銀河烈風バクシンガー",
    "Kouya no Shounen Isamu": "荒野の少年イサム",
    "Kuusen Madoushi Kouhosei no Kyoukan": "空戦魔導士候補生の教官",
    "Muu no Hakugei": "ムーの白鯨",
    "Neo Ranga": "ネオランガ",
    "Ningyohime Marina no Bouken": "人魚姫マリーナの冒険",
    "Power Stone": "パワーストーン",
    "Ragnarök the Animation": "ラグナロク ジ・アニメーション",
    "Takamiya Nasuno Desu!: Teekyuu Spin-off": "高宮なすのです！〜てーきゅうスピンオフ〜",
    "To Heart: Remember My Memories": "トゥハート リメンバーマイメモリーズ",
    "Yume Tsukai": "夢使い",
    "Bakukyuu Renpatsu! Super Bedaman": "爆球連発!!スーパービーダマン",
    "Cookin' Idol Ai! Mai! Main!": "クッキンアイドル アイ！マイ！まいん！",
    "Coppelion": "コッペリオン",
    "Fuusen Shoujo Temple-chan": "風船少女テンプルちゃん",
    "Gifuu Doudou!!: Kanetsugu to Keiji": "義風堂々!! 兼続と慶次",
    "Happiness!": "はぴねす！",
    "Moetan": "もえたん",
    "Mori no Youki na Kobito-tachi: Belfy to Lillibit": "森の陽気な小人たち ベルフィーとリルビット",
    "Nangoku Shounen Papuwa-kun": "南国少年パプワくん",
    "Panda-Z: The Robonimation": "パンダーゼット THE ROBONIMATION",
    "SD Gundam Sangokuden Brave Battle Warriors": "SDガンダム三国伝 Brave Battle Warriors",
    "Shirogane no Ishi: Argevollen": "白銀の意思 アルジェヴォルン",
    "Time Bokan Series: Yattodetaman": "タイムボカンシリーズ ヤットデタマン",
    "Tondera House no Daibouken": "トンデラハウスの大冒険",
    "Vividred Operation": "ビビッドレッド・オペレーション",
    "Walkure Romanze": "ワルキューレ ロマンツェ",
    "Akuu Daisakusen Srungle": "悪夢大作戦スラングル",
    "Asari-chan": "あさりちゃん",
    "Beast Wars Second Chou Seimeitai Transformers": "ビーストウォーズセカンド 超生命体トランスフォーマー",
    "Binzume Yousei": "瓶詰妖精",
    "Blue Dragon": "ブルードラゴン",
    "Devilman": "デビルマン",
    "Genshi Shounen Ryuu": "原始少年リュウ",
    "Get Ride! AMDriver": "Get Ride! アムドライバー",
    "Juusen Battle Monsuno": "獣旋バトル モンスーノ",
    "Kabatotto": "かばとっと",
    "Ketsuekigata-kun! 3": "血液型くん!3",
    "Ketsuekigata-kun! 4": "血液型くん!4"
    }