{
    "Larva": "ラーバ",
    "Megami Kouhosei": "女神候補生",
    "Monkey Turn": "モンキーターン",
    "Saru Getchu: On Air": "サルゲッチュ オンエア",
    "Sentimental Journey": "センチメンタルジャーニー",
    "Tactical Roar": "タクティカルロア",
    "Uchuu no Kishi Tekkaman": "宇宙の騎士テッカマン",
    "Venus Versus Virus": "ヴィーナス ヴァーサス ヴァイアラス",
    "Animation Kikou: Marco Polo no Bouken": "アニメーション紀行 マルコ・ポーロの冒険",
    "Ginyuu Mokushiroku Meine Liebe": "吟遊黙示録マイネリーベ",
    "Kagaku Kyuujo-tai TechnoVoyager": "科学救助隊テクノボイジャー",
    "Kagewani": "カゲワニ",
    "Kagewani: Shou": "カゲワニ 蒐",
    "Kuromajo-san ga Tooru!!": "黒魔女さんが通る!!",
    "Mahou no Angel Sweet Mint": "魔法のエンジェル スイートミント",
    "Obake no Q-tarou (1985)": "オバケのQ太郎 (1985)",
    "Oneechan ga Kita": "お姉ちゃんが来た",
    "Parasol Henbei": "パラソルヘンべえ",
    "Sengoku Collection": "戦国コレクション",
    "Shin-Men": "SHIN-MEN",
    "Sonic X": "ソニックX",
    "Suhoyojeong Michel": "守護神伝ミカエル",
    "Yami Shibai 2nd Season": "闇芝居 2期",
    "Chiisana Kyojin Microman": "小さな巨人 ミクロマン",
    "Chou Dendou Robo Tetsujin 28-gou FX": "超電動ロボ 鉄人28号FX",
    "Genei wo Kakeru Taiyou": "幻影ヲ駆ケル太陽",
    "Gokuu no Daibouken": "悟空の大冒険",
    "Groizer X": "グロイザーX",
    "Hoero! Bun Bun": "吠えろ！ブンブン",
    "Huckleberry Finn Monogatari": "ハックルベリーの冒険",
    "Human Crossing": "ヒューマンスクランブル",
    "Hundred": "ハンドレッド",
    "Magikano": "マジカノ",
    "Mahoutsukai Sally 2": "魔法使いサリー2",
    "Miss Monochrome: The Animation": "ミス・モノクローム -The Animation-",
    "The Ultraman": "ザ・ウルトラマン",
    "Watashi to Watashi: Futari no Lotte": "私と私 ふたりのロッテ",
    "Yadamon": "ヤダモン",
    "Code-E": "コードE",
    "Demashita! Powerpuff Girls Z": "出ましたっ！パワパフガールズZ"
    }