{
    "Fushigi no Kuni no Alice": "ふしぎの国のアリス",
    "Mega Man": "メガマン",
    "Mini Hama: Minimum Hamatora": "ミニハマ ミニマム ハマトラ",
    "Rokushin Gattai GodMars": "六神合体ゴッドマーズ",
    "Tanken Driland": "探検ドリランド",
    "Yurumates 3D Plus": "ゆるめいつ 3D プラス",
    "Fushigi na Koala Blinky": "ふしぎなコアラ ブリンキー",
    "Gakkatsu! 2nd Season": "がっかつ! 2ndシーズン",
    "Shinshaku Sengoku Eiyuu Densetsu: Sanada Juu Yuushi The Animation": "新釈 戦国英雄伝説 真田十勇士 The Animation",
    "Time Bokan Series: Time Patroltai Otasukeman": "タイムボカンシリーズ タイムパトロール隊 オタスケマン",
    "X-Men": "X-メン",
    "Ashita Tenki ni Naare": "明日天気になあれ",
    "Ayakashi": "妖",
    "Bakugan Battle Brawlers: New Vestroia": "爆丸バトルブローラーズ ニューヴェストロイア",
    "Captain Earth": "キャプテン・アース",
    "Choujin Sentai Baratack": "超人戦隊バラタック",
    "Choujuushin Gravion": "超重神グラヴィオン",
    "Duel Masters Cross Shock": "デュエル・マスターズ クロスショック",
    "Escha & Logy no Atelier: Tasogare no Sora no Renkinjutsushi": "エスカ&ロジーのアトリエ 〜黄昏の空の錬金術士〜",
    "Galilei Donna": "ガリレイドンナ",
    "HaruChika: Haruta to Chika wa Seishun suru": "ハルチカ〜ハルタとチカは青春する〜",
    "Kiniro no Corda: Blue♪Sky": "金色のコルダ Blue♪Sky",
    "Ninja Hattori-kun (2012)": "忍者ハットリくん (2012)",
    "Phantasy Star Online 2 The Animation": "ファンタシースターオンライン2 ジ アニメーション",
    "Pure-tou no Nakama-tachi": "ぷれとうのなかまたち",
    "Queen's Blade: Rebellion": "クイーンズブレイド リベリオン",
    "The SoulTaker: Tamashii-gari": "The SoulTaker 〜魂狩〜",
    "11eyes": "イレブンアイズ",
    "Boukensha: The Man Was from Spain": "冒険者-ザ・マン・ワズ・フロム・スペイン",
    "Daisuki! Hello Kitty": "大好き!ハローキティ",
    "Fabre-sensei wa Meitantei": "ファーブル先生は名探偵",
    "Geneshaft": "ジーンシャフト",
    "Gyakuten Saiban: Sono 'Shinjitsu', Igi Ari!": "逆転裁判 その「真実」、異議あり!",
    "Happy Seven: The TV Manga": "ハッピー セブン 〜ざ・テレビまんが〜",
    "Himesama Goyoujin": "姫様ご用心",
    "Himitsu no Akko-chan": "ひみつのアッコちゃん",
    "Magnerobo Ga-Keen": "マグネロボ ガ・キーン",
    "Mahoutsukai Sally": "魔法使いサリー",
    "Nuwa Chengzhang Riji": "女娲成长日记",
    "B-Densetsu! Battle Bedaman Enkon": "B伝説! バトルビーダマン 炎魂"
}