{
    "Cluster Edge": "クラスターエッジ",
    "Little El Cid no Bouken": "リトル・エル・シドの冒険",
    "Machine Robo: Revenge of Chronos": "マシンロボ クロノスの大逆襲",
    "Mahou no Mako-chan": "魔法のマコちゃん",
    "Manga Nippon Mukashibanashi (1976)": "まんが日本昔ばなし (1976)",
    "Marie & Gali": "マリー＆ガリー",
    "Nanako SOS": "ななこSOS",
    "Ojarumaru": "おじゃる丸",
    "Saint Beast: Kouin Jojishi Tenshi Tan": "セイント・ビースト 光陰叙事詩 天使譚",
    "Senran Kagura": "閃乱カグラ",
    "Tentou Mushi no Uta": "てんとう虫の歌",
    "Track City": "トラックシティ",
    "Bubuki Buranki": "ブブキ・ブランキ",
    "Makyou Densetsu Acrobunch": "魔境伝説アクロバンチ",
    "Ookamikakushi": "おおかみかくし",
    "Rail Wars!": "レールウォーズ",
    "Robotan (1986)": "ロボタン (1986)",
    "Shin Mitsubachi Maya no Bouken": "新みつばちマーヤの冒険",
    "Tantei Kageki Milky Holmes TD": "探偵歌劇 ミルキィホームズ TD",
    "Xenosaga The Animation": "ゼノサーガ THE ANIMATION",
    "Zenryoku Usagi": "全力ウサギ",
    "Akuma-kun": "悪魔くん",
    "Battle Spirits: Double Drive": "バトルスピリッツ ダブルドライブ",
    "DT Eightron": "DTエイトロン",
    "F-Zero: Falcon Densetsu": "F-ZERO ファルコン伝説",
    "Getter Robo Go": "ゲッターロボ號",
    "Kappa no Kaikata": "カッパの飼い方",
    "MonHun Nikki Girigiri Airou Mura G": "モンハン日記 ぎりぎりアイルー村G",
    "Ocha-ken: Chokotto Monogatari": "お茶犬 ちょこっと物語",
    "Perman": "パーマン",
    "Popotan": "ぽぽたん",
    "Reporter Blues": "レポーターブルース",
    "Saikin, Imouto no Yousu ga Chotto Okashiinda ga.": "最近、妹のようすがちょっとおかしいんだが。",
    "Youkai Ningen Bem": "妖怪人間ベム",
    "Ai no Wakakusa Yama Monogatari": "愛の若草山物語",
    "Blocker Gundan IV Machine Blaster": "ブロッカー軍団IVマシーンブラスター",
    "Chouja Raideen": "超者ライディーン",
    "Gowapper 5 Gordam": "ゴワッパー5ゴーダム",
    "Himawari!": "ひまわりっ！",
    "Mahou no Idol Pastel Yumi": "魔法のアイドルパステルユーミ"
    }