{
    "Okusama wa Joshikousei (TV)": "奥様は女子高生",
    "Shoujo-tachi wa Kouya wo Mezasu": "少女たちは荒野を目指す",
    "Boukyaku no Senritsu": "忘却の旋律",
    "Getsumen To Heiki Mina": "月面兎兵器ミーナ",
    "Green Green": "グリーングリーン",
    "Ippatsu Kiki Musume": "一発危機娘",
    "Juuou Mujin no Fafnir": "銃皇無尽のファフニール",
    "Let's Nupu Nupu": "レッツヌプッヌプッ",
    "Magical Nyan Nyan Taruto": "魔法少女にゃんこ☆たると",
    "Tezuka Osamu no Don Dracula": "手塚治虫のドン・ドラキュラ",
    "Tiger Mask W": "タイガーマスクW",
    "Triage X": "トリアージX",
    "Ultraman Kids no Kotowaza Monogatari": "ウルトラマンキッズのことわざ物語",
    "Arcana Famiglia": "アルカナ・ファミリア",
    "Asobou! Hello Kitty": "あそぼう！ハローキティ",
    "Bakkyuu HIT! Crash Bedaman": "爆球HIT! クラッシュビーダマン",
    "Bamboo Bears": "バンブーベアーズ",
    "Divergence Eve 2: Misaki Chronicles": "ダイバージェンス・イヴ2 ミサキ・クロニクル",
    "Eikoku Ikka, Nihon wo Taberu": "英国一家、日本を食べる",
    "Himitsukessha Taka no Tsume": "秘密結社 鷹の爪",
    "Konchuu Monogatari Minashigo Hutch": "昆虫物語 みなしごハッチ",
    "Kuma Miko": "くまみこ",
    "Mach GoGoGo (1997)": "マッハGoGoGo (1997)",
    "Majokko Tickle": "魔女っ子チックル",
    "Mitsubachi Maya no Bouken": "みつばちマーヤの冒険",
    "Okusama wa Mahou Shoujo": "奥様は魔法少女",
    "UFO Senshi Dai Apolon": "UFO戦士ダイアポロン",
    "Yoshimune": "よしもと新喜劇",
    "Gin'iрo no Olynsis: Tokito": "銀色のオリンシス",
    "Himitsu no Akko-chan 2": "ひみつのアッコちゃん2",
    "Kitty's Paradise": "キティズパラダイス",
    "Mafukiden: Pandarian": "魔福伝 パンダリアン",
    "Magical Canan": "マジカルカナン",
    "Masou Gakuen HxH": "魔装学園H×H",
    "Meganebu!": "メガネブ！",
    "MonHun Nikki Girigiri Airou Mura: Airou Kiki Ippatsu": "モンハン日記 ぎりぎりアイルー村 エアリー危機一髪",
    "Nogsaegjeoncha Haemosu": "녹색전차 해모수",
    "O-bake no... Holly": "おばけの… ホーリー",
    "Sasurai no Taiyou": "さすらいの太陽",
    "Sekkou Boys": "石膏ボーイズ"
    }