{
    "Soushin Shoujo Matoi": "装神少女まとい",
    "Togainu no Chi": "咎狗の血",
    "Tono to Issho: Ippunkan Gekijou": "殿といっしょ 1分間劇場",
    "Zettai Bouei Leviathan": "絶対防衛レヴィアタン",
    "Busou Shinki": "武装神姫",
    "Digimon Universe: Appli Monsters": "デジモンユニバース アプリモンスターズ",
    "Haai Step Jun": "はーいステップジュン",
    "Idol Tenshi Youkoso Yoko": "アイドル天使ようこそようこ",
    "Kikou Keisatsu Metal Jack": "機甲警察メタルジャック",
    "Koutetsu Sangokushi": "鋼鉄三国志",
    "Koutetsu Tenshi Kurumi 2": "鋼鉄天使くるみ2式",
    "Shukufuku no Campanella": "祝福のカンパネラ",
    "Submarine Super 99": "潜水艦スーパー99",
    "Akikan!": "アキカン！",
    "Duel Masters Zero": "デュエル・マスターズ ゼロ",
    "Gakkyuu Ou Yamazaki": "学級王ヤマザキ",
    "Hidan no Aria AA": "緋弾のアリアAA",
    "Himiko-den": "火魅子伝",
    "Himitsu no Akko-chan 3": "ひみつのアッコちゃん3",
    "Kiko-chan Smile": "きこちゃんすまいる",
    "Nanami-chan": "ななみちゃん",
    "Play Ball": "プレイボール",
    "Rikujou Bouei-tai Mao-chan": "陸上防衛隊まおちゃん",
    "Usavich Zero": "ウサビッチ ゼロ",
    "Yoiko": "よいこ",
    "009-1": "009-1",
    "Amnesia": "アムネシア",
    "Andersen Monogatari (TV)": "アンデルセン物語",
    "Chitose Get You!!": "ちとせげっちゅ!!",
    "Dragon Collection": "ドラゴンコレクション",
    "Future Card Buddyfight DDD": "フューチャーカード バディファイトDDD",
    "Jikuu Tantei Genshi-kun": "時空探偵ゲンシクン",
    "Kujibiki♥Unbalance": "くじびき♥アンバランス",
    "Shin Strange+": "新 すとれんじ・",
    "Yurumates 3D": "ゆるめいつ3でぃ",
    "B-Densetsu! Battle Bedaman": "B-伝説! バトルビーダマン",
    "Bakugan Battle Brawlers": "爆丸バトルブローラーズ",
    "Cinderella Boy": "シンデレラボーイ",
    "Dororon Enma-kun": "どろろんえん魔くん",
    "Izumo: Takeki Tsurugi no Senki": "出雲 取り鬼剣の戦記"
    }