{
    "Obake no Q-tarou": "オバケのQ太郎",
    "Sci-fi Harry": "サイファイハリー",
    "Taiko no Tatsujin": "太鼓の達人",
    "Transformers Superlink": "トランスフォーマー スーパーリンク",
    "Uchuu Kaizoku Mito no Daibouken: Futari no Joou-sama": "宇宙海賊ミトの大冒険 二人の女王様",
    "Valkyrie Drive: Mermaid": "ヴァルキリードライヴ マーメイド",
    "Duel Masters Charge": "デュエル・マスターズ チャージ",
    "Duel Masters Victory": "デュエル・マスターズ ビクトリー",
    "Lovely Movie: Itoshi no Muco": "LOVELY MOVIE いとしのムーコ",
    "Moero Arthur: Hakuba no Ouji": "燃えろアーサー 白馬の王子",
    "Sister Princess: Re Pure": "シスター・プリンセス RePure",
    "Time Bokan Series: Gyakuten Ippatsuman": "タイムボカンシリーズ 逆転イッパツマン",
    "Time Bokan Series: Itadakiman": "タイムボカンシリーズ イタダキマン",
    "Ganbare Goemon": "がんばれゴエモン",
    "Hoshi no Ko Chobin": "星の子チョビン",
    "Kakyuusei (1999)": "下級生 (1999)",
    "Kono Aozora ni Yakusoku wo: Youkoso Tsugumi Ryou e": "この青空に約束を― ～ようこそつぐみ寮へ～",
    "Machine Hayabusa": "マシンハヤブサ",
    "Psychic Academy": "サイキックアカデミー",
    "Rilu Rilu Fairilu: Yousei no Door": "リルリルフェアリル ～妖精のドア～",
    "Seupideuwang Beongae": "スピードワン ボンゲ",
    "Wooser no Sono Higurashi": "うーさーのその日暮らし",
    "Alice SOS": "アリスSOS",
    "Badaui Jeonseol Jangbogo": "伝説の王者 ジャンボゴ",
    "Duel Masters Victory V": "デュエル・マスターズ ビクトリーV",
    "Kagihime Monogatari Eikyuu Alice Rinbukyoku": "鍵姫物語 永久アリス輪舞曲",
    "Maken-Ki! Two": "マケン姫っ！通",
    "Sanrio Anime Sekai Meisaku Gekijou": "サンリオアニメ世界名作劇場",
    "Sazae-san": "サザエさん",
    "Suzy's Zoo: Daisuki! Witzy": "スージーズーウ ようこそ！ウィッツィーの世界へ",
    "Time Bokan 2000: Kaitou Kiramekiman": "タイムボカン2000 怪盗きらめきマン",
    "Uchuujin Tanaka Tarou": "宇宙人田中太郎",
    "Ukkari Pénélope (2009)": "うっかりペネロペ (2009)",
    "Vampiyan Kids": "ヴァンピヤンキッズ",
    "Wanpaku Oomukashi Kum Kum": "わんぱく大昔クムクム",
    "Blade": "ブレイド",
    "Burn Up Scramble": "バーンナップスクランブル",
    "Chuu Bra!!": "ちゅーぶら!!",
    "Manyuu Hikenchou": "魔乳秘剣帖",
    "Oniichan no Koto nanka Zenzen Suki ja Nai n da kara ne!!": "お兄ちゃんのことなんかぜんぜん好きじゃないんだからねっ!!"
}