{
    "Perman (1983)": "パーマン (1983)",
    "Pretty Rhythm: All Star Selection": "プリティーリズム・オールスターセレクション",
    "Touken Ranbu: Hanamaru": "刀剣乱舞-花丸-",
    "Gokujo.: Gokurakuin Joshikou Ryou Monogatari": "極上!!極楽院女子高寮物語",
    "Jankenman": "じゃんけんまん",
    "Kasumin 3rd Season": "かすみん 第3シリーズ",
    "Kidou Shinsengumi Moeyo Ken TV": "機動新撰組 萌えよ剣 TV",
    "Long Riders!": "ろんぐらいだぁす！",
    "Photokano": "フォトカノ",
    "Soul Eater NOT!": "ソウルイーターノット！",
    "Tanoshii Willow Town": "たのしいウィロータウン",
    "Weiß Survive": "ヴァイス・サヴァイヴ",
    "Bakugan Battle Brawlers: Gundalian Invaders": "爆丸バトルブローラーズ ガンダリアンインベーダーズ",
    "DRAMAtical Murder": "ドラマティカル マーダー",
    "Haiyoru! Nyaruani: Remember My Love(craft-sensei)": "這いよる! ニャルアニ リメンバー・マイ・ラブ（クラフト先生）",
    "Hipira-kun": "ひぴらくん",
    "Koala Boy Kokki": "コアラボーイ コッキィ",
    "Kodai Ouja Kyouryuu King: Yokuryuu Densetsu": "古代王者 恐竜キング Dキッズ・アドベンチャー 溶岩大決戦！",
    "Mahou Shoujo Nante Mou Ii Desukara. 2nd Season": "魔法少女なんてもういいですから。 第2期",
    "Queen's Blade: Rurou no Senshi": "クイーンズブレイド 流浪の戦士",
    "Sasurai no Shoujo Nell": "さすらいの少女ネル",
    "Tales of Eternia The Animation": "テイルズ オブ エターニア THE ANIMATION",
    "Tanken Driland: 1000-nen no Mahou": "探検ドリランド -1000年の真宝-",
    "Ai Tenchi Muyou!": "愛・天地無用！",
    "Akubi Girl": "あくびガール",
    "Asagiri no Miko": "朝霧の巫女",
    "Backkom 2": "バックコム2",
    "Beyblade Burst": "ベイブレードバースト",
    "D.I.C.E.": "D.I.C.E.",
    "Komori-san wa Kotowarenai!": "小森さんは断れない！",
    "Maou Dante": "魔王ダンテ",
    "Rakugo Tennyo Oyui": "落語天女おゆい",
    "Akahori Gedou Hour Rabuge": "アカホリ外道アワーらぶげ",
    "Brain Powerd": "ブレンパワード",
    "Futari Daka": "ふたり鷹",
    "Kenzen Robo Daimidaler": "健全ロボ ダイミダラー",
    "Masou Kishin Cybuster": "魔装機神サイバスター",
    "Momoiro Sisters": "桃色シスターズ",
    "Personal Computer Travel Tanteidan": "パーソナルコンピューター旅行探偵団",
    "Porong Porong Pororo": "ポロロロロロ",
    "Pororo to the Cookie Castle": "ポロロとクッキーキャッスル"
}