{
    "Stitch!: Itazura Alien no Daibouken": "スティッチ！いたずらエイリアンの大冒険",
    "Tamagotchi!": "たまごっち！",
    "Topo Gigio": "トッポ・ジージョ",
    "W: Wish": "W〜ウィッシュ〜",
    "Weiß Survive R": "ヴァイス・サヴァイヴ R",
    "Bakugan Battle Brawlers: Mechtanium Surge": "爆丸バトルブローラーズ メクタニウム・サージ",
    "Final Fantasy: Unlimited": "ファイナルファンタジー：アンリミテッド",
    "Genei Toushi Bastof Lemon": "幻影闘士バストフ・レモン",
    "Jinki:Extend": "ジンキ・エクステンド",
    "Lovedol: Lovely Idol": "らぶドル〜Lovely Idol〜",
    "Maido! Urayasu Tekkin Kazoku": "毎度！浦安鉄筋家族",
    "Naked Wolves": "ネイキッド ウルヴス",
    "Oraa Guzura Dado (1987)": "おらあグズラだど (1987)",
    "Show By Rock!! Short!!": "SHOW BY ROCK!!しょ~と!!",
    "Baku Tech! Bakugan": "爆TECH！爆丸",
    "Colorful": "カラフル",
    "DD Hokuto no Ken": "DD北斗之拳",
    "Gasshin Sentai Mechander Robo": "合身戦隊メカンダーロボ",
    "Gu-Gu Ganmo": "グーグー・ガンモ",
    "Monkey Magic": "モンキー・マジック",
    "Narutaru: Mukuro Naru Hoshi Tama Taru Ko": "なるたる",
    "Yobarete Tobidete Akubi-chan": "よばれてとびでて！アクビちゃん",
    "BlazBlue: Alter Memory": "ブレイブルー オルター・メモリー",
    "Duel Masters VS": "デュエル・マスターズ VS",
    "Sengoku☆Paradise Kiwami": "戦国☆パラダイス 極",
    "Shinseiki Duel Masters Flash": "新世紀デュエル・マスターズ フラッシュ",
    "Tabi Machi Late Show": "旅街レイトショー",
    "Tsuki wa Higashi ni Hi wa Nishi ni: Operation Sanctuary": "月は東に日は西に〜Operation Sanctuary〜",
    "Wizard Barristers: Benmashi Cecil": "ウィザード・バリスターズ〜弁魔士セシル",
    "Baku Tech! Bakugan Gachi": "爆TECH！爆丸ガチ",
    "Barbapapa": "バーバパパ",
    "Fighting Foodons": "格闘料理伝説ビストロレシピ",
    "SoniAni: Super Sonico The Animation": "そにアニ -SUPER SONICO THE ANIMATION-",
    "Soul Link": "ソウルリンク",
    "Tantei Team KZ Jiken Note": "探偵チームKZ事件ノート",
    "Aa Harimanada": "ああ播磨灘",
    "Aquarian Age: Sign for Evolution": "アクエリアンエイジ Sign for Evolution",
    "Blade & Soul": "ブレイドアンドソウル",
    "Gon": "ゴン",
    "Huckleberry no Bouken": "ハックルベリィの冒険"
    }