{
    "Ippatsu Kanta-kun": "一発貫太くん",
    "Iron Man": "アイアンマン",
    "Mobile Suit Gundam-san": "機動戦士ガンダムさん",
    "Pinocchio yori Piccolino no Bouken": "ピノキオより ピコリーノの冒険",
    "Shima Shima Tora no Shimajirou": "しましまとらのしまじろう",
    "Stitch!: Zutto Saikou no Tomodachi": "スティッチ！ずっと最高のトモダチ",
    "Yami Shibai 3rd Season": "闇芝居 3期",
    "Yumeria": "ゆめりあ",
    "Zero Duel Masters": "ゼロ デュエルマスターズ",
    "Calimero": "カリメロ",
    "Crystal Blaze": "クリスタル ブレイズ",
    "Fantasista Doll": "ファンタジスタドール",
    "Oishinbo": "美味しんぼ",
    "Wolverine": "ウルヴァリン",
    "Gun-dou Musashi": "群動ムサシ",
    "Gunslinger Stratos: The Animation": "ガンスリンガー ストラトス",
    "Luck & Logic": "ラクエンロジック",
    "Mahoutsukai Chappy": "魔法使いチャッピー",
    "Master of Epic: The Animation Age": "マスターオブエピック The Animation Age",
    "Mori no Tonto-tachi": "森のトントたち",
    "Yumemiru Topo Gigio": "夢見るトッポ・ジージョ",
    "Duel Masters Victory V3": "デュエル・マスターズ ビクトリーV3",
    "Haitai Nanafa 2nd Season": "はいたい七葉 2ndシーズン",
    "I: Wish You Were Here": "I -wish you were here- あなたがここにいてほしい",
    "Kimagure Robot": "きまぐれロボット",
    "Time Bokan Series: Zenderman": "タイムボカンシリーズ ゼンダマン",
    "Backkom Sports": "バックコム スポーツ",
    "Mutekiou Tri-Zenon": "無敵王トライゼノン",
    "Shining Hearts: Shiawase no Pan": "シャイニング・ハーツ 〜幸せのパン〜",
    "Abarenbou Rikishi!! Matsutarou": "暴れん坊力士!!松太郎",
    "Bakumatsu Gijinden Roman": "幕末義人伝 浪漫",
    "Bakumatsu Rock": "幕末Rock",
    "D4 Princess": "D4プリンセス",
    "Hey! Bumboo": "へい！ブンブー",
    "Metal Fighter Miku": "メタルファイター MIKU",
    "Zoku Attacker You! Kin Medal e no Michi": "続・アタッカーYOU 金メダルへの道",
    "21 Emon": "21エモン",
    "Barbapapa (1977)": "バーバパパ (1977)",
    "Barbapapa Sekai wo Mawaru": "バーバパパ 世界をまわる",
    "Scan2Go": "スキャン2ゴー"
    }