{
    "Initial D Second Stage": "頭文字D Second Stage",
    "Kami nomi zo Shiru Sekai II": "神のみぞ知るセカイ II",
    "Tiger & Bunny": "タイガー＆バニー",
    "Yahari Ore no Seishun Love Comedy wa Machigatteiru.": "やはり俺の青春ラブコメはまちがっている。",
    "Hanamonogatari": "花物語",
    "Kimi to Boku. 2": "君と僕。2",
    "Ookiku Furikabutte": "おおきく振りかぶって",
    "Ore Monogatari!!": "俺物語!!",
    "xxxHOLiC": "xxxHOLiC",
    "Hyouge Mono": "へうげもの",
    "Mahou Shoujo Lyrical Nanoha A's": "魔法少女リリカルなのはA's",
    "Tanaka-kun wa Itsumo Kedaruge": "田中くんはいつもけだるげ",
    "Kobato.": "こばと。",
    "Kuuchuu Buranko": "空中ブランコ",
    "Eyeshield 21": "アイシールド21",
    "Full Moon wo Sagashite": "満月をさがして",
    "Grisaia no Rakuen": "グリザイアの楽園",
    "Jigoku Shoujo Futakomori": "地獄少女 二籠",
    "Junjou Romantica": "純情ロマンチカ",
    "Mawaru Penguindrum": "輪るピングドラム",
    "Soul Eater": "ソウルイーター",
    "Haibane Renmei": "灰羽連盟",
    "Macross": "マクロス",
    "Mirai Nikki (TV)": "未来日記",
    "Tentai Senshi Sunred 2nd Season": "天体戦士サンレッド 第2期",
    "Terra e... (TV)": "地球へ…",
    "Tokyo Ghoul": "東京喰種トーキョーグール",
    "Yume-iro Pâtissière": "夢色パティシエール",
    "Azumanga Daioh": "あずまんが大王",
    "Full Metal Panic! The Second Raid": "フルメタル・パニック！The Second Raid",
    "Kuroshitsuji": "黒執事",
    "Love Live! School Idol Project 2nd Season": "ラブライブ！School idol project 2nd Season",
    "Nekomonogatari: Kuro": "猫物語(黒)",
    "Saiunkoku Monogatari": "彩雲国物語",
    "School Rumble": "スクールランブル",
    "Suzumiya Haruhi no Yuuutsu": "涼宮ハルヒの憂鬱",
    "Kaleido Star": "カレイドスター",
    "Non Non Biyori": "のんのんびより",
    "Yakitate!! Japan": "焼きたて!! ジャぱん",
    "Beelzebub": "べるぜバブ"
    }