{
    "Bakuten Shoot Beyblade": "爆転シュート ベイブレード",
    "Berserk (2016)": "ベルセルク (2016)",
    "Cross Fight B-Daman": "クロスファイト ビーダマン",
    "Dragonaut: The Resonance": "ドラゴノーツ -ザ・レゾナンス-",
    "Happy☆Lesson (TV)": "ハッピー☆レッスン (TV)",
    "Houkago no Pleiades (TV)": "放課後のプレアデス (TV)",
    "Hurricane Polymar": "破裏拳ポリマー",
    "Kashimashi: Girl Meets Girl": "かしまし 〜ガール・ミーツ・ガール〜",
    "Kitakubu Katsudou Kiroku": "帰宅部活動記録",
    "Mahou Shoujo Lyrical Nanoha ViVid": "魔法少女リリカルなのはViVid",
    "Mobile Suit Gundam ZZ": "機動戦士ガンダムZZ",
    "Muumin (1972)": "ムーミン (1972)",
    "Night Wizard": "ナイトウィザード The ANIMATION",
    "Nobunaga the Fool": "ノブナガ・ザ・フール",
    "Ray The Animation": "RAY THE ANIMATION",
    "Recorder to Randoseru Do♪": "リコーダーとランドセル ド♪",
    "Ribbon no Kishi": "リボンの騎士",
    "Salad Juu Yuushi Tomatoman": "サラダ十勇士トマトマン",
    "Sensei no Ojikan: Doki Doki School Hours": "先生のお時間",
    "Transformers Micron Densetsu": "トランスフォーマー マイクロン伝説",
    "Wan Wan Celepoo Soreyuke! Tetsunoshin": "わんわんセレプー それゆけ！徹之進",
    "Choujikuu Seiki Orguss": "超時空世紀オーガス",
    "DearS": "ディアーズ",
    "Fortune Dogs": "フォーチュンドッグス",
    "Gakuen Heaven": "学園ヘヴン",
    "Gift: Eternal Rainbow": "ギフト〜eternal rainbow〜",
    "Gilgamesh": "ギルガメッシュ",
    "Gregory Horror Show: The Last Train": "グレゴリーホラーショー The Last Train",
    "Lemon Angel Project": "Lemon Angel Project",
    "Magical★Taruruuto-kun": "まじかる☆タルるートくん",
    "Mahou no Princess Minky Momo: Yume wo Dakishimete": "魔法のプリンセス ミンキーモモ 夢を抱きしめて",
    "Maze☆Bakunetsu Jikuu (TV)": "MAZE☆爆熱時空",
    "Meiken Jolie": "名犬ジョリィ",
    "Morita-san wa Mukuchi. 2": "森田さんは無口。2",
    "Mushi-Uta": "ムシウタ",
    "Recorder to Randoseru Mi☆": "リコーダーとランドセル ミ☆",
    "Bakuto Sengen Daigander": "爆闘宣言ダイガンダー",
    "Gegege no Kitarou (1996)": "ゲゲゲの鬼太郎 (1996)",
    "Kaibutsu-kun (1980)": "怪物くん (1980)",
    "Ketsuekigata-kun!": "血液型くん!"
}
