{
    "Haitai Nanafa": "はいたい七葉",
    "Hakushon Daimaou": "はくしょん大魔王",
    "Lemon Angel (1988)": "レモンエンジェル (1988)",
    "Mahou Sensou": "魔法戦争",
    "Marvel Disk Wars: The Avengers": "マーベル ディスク・ウォーズ: ザ・アベンジャーズ",
    "Mousou Kagaku Series: Wandaba Style": "妄想科学シリーズ ワンダバスタイル",
    "Oyako Club": "親子クラブ",
    "Shin Calimero": "新キャリメロ",
    "Chiisana Obake Acchi, Kocchi, Socchi": "小さなお化け アッチ、コッチ、ソッチ",
    "Eightman": "エイトマン",
    "Isuca": "イスカ",
    "Kakko Kawaii Sengen! 2": "カッコカワイイ宣言! 2",
    "Kamisama Minarai: Himitsu no Cocotama": "かみさまみならい ヒミツのここたま",
    "Mouse": "マウス",
    "Ozma": "オズマ",
    "Saint Luminous Jogakuin": "セイント・ルミナス女学院",
    "School Days": "スクールデイズ",
    "A.D. Police (TV)": "A.D.ポリス (TV)",
    "Ange Vierge": "アンジュ・ヴィエルジュ",
    "Bonobono (2016)": "ぼのぼの (2016)",
    "Nyanbo!": "ニャンぼー！",
    "Marie & Gali ver. 2.0": "まりえ&がり ver.2.0",
    "Nessa no Haou Gandalla": "熱砂の覇王ガンダーラ",
    "Q Transformers: Saranaru Ninki Mono e no Michi": "Qトランスフォーマー さらなる人気者への道",
    "Seraphim Call": "セラフィムコール",
    "Shounen Hollywood: Holly Stage for 49": "少年ハリウッド -HOLLY STAGE FOR 49-",
    "Yama Nezumi Rocky Chuck": "山ねずみロッキーチャック",
    "Don Chuck Monogatari": "ドンチャック物語",
    "Hero Bank": "ヒーローバンク",
    "Kodai Ouja Kyouryuu King": "古代王者 恐竜キング",
    "Lime-iro Senkitan": "らいむいろ戦奇譚",
    "Mazinger ZIP!": "マジンガーZIP!",
    "Nandaka Velonica": "なんだかヴェロニカ",
    "Wind: A Breath of Heart (TV)": "Wind -a breath of heart- (TV)",
    "Diabolik Lovers More,Blood": "ディアボリックラヴァーズ More,Blood",
    "Mighty Orbots": "マイティ・オーボッツ",
    "Gaist Crusher": "ガイストクラッシャー",
    "Kyouryuu Tankentai Born Free": "恐竜探検隊ボーンフリー",
    "Samurai Gun": "サムライガン",
    "Stitch!": "スティッチ！"
}
