{
    "World Fool News (TV)": "ワールド フール ニュース (TV)",
    "Gakuen Handsome": "学園ハンサム",
    "Taboo Tattoo": "タブー・タトゥー",
    "Piano": "ピアノ",
    "Strange+": "ストレンジ・プラス",
    "Backkom": "バックコム",
    "Geisters: Fractions of the Earth": "ガイスターズ フラクションズ オブ ジ アース",
    "Minna Atsumare! Falcom Gakuen SC": "みんな集まれ！ファルコム学園SC",
    "Miracle Shoujo Limit-chan": "ミラクル少女リミットちゃん",
    "Nurse Witch Komugi-chan R": "ナースウィッチ小麦ちゃんR",
    "Saint Beast: Seijuu Kourin-hen": "セイント・ビースト 聖獣降臨編",
    "Ultraviolet: Code 044": "ウルトラヴァイオレット:Code 044",
    "Divergence Eve": "ダイバージェンス・イヴ",
    "Kikou Sennyo Rouran": "機巧仙女ローラン",
    "Naikaku Kenryoku Hanzai Kyousei Torishimarikan Zaizen Joutarou": "内閣権力犯罪強制取締官 財前丈太郎",
    "Najica Dengeki Sakusen": "ナジカ電撃作戦",
    "Pankis! 2-jigen": "ぱんきす！2次元",
    "Sarutobi Ecchan": "さるとびエッちゃん",
    "Cream Lemon: Lemon Angel": "くりぃむレモン レモンエンジェル",
    "Oh! Super Milk-chan": "おー！スーパーミルクちゃん",
    "Oreca Battle": "オレカバトル",
    "Gunparade Orchestra": "ガンパレード・オーケストラ",
    "Hatsukoi Monster": "初恋モンスター",
    "Juusou Kikou Dancougar Nova": "重装機兵ダンクーガノヴァ",
    "Mangirl!": "まんがーる！",
    "Marginal Prince: Gekkeiju no Ouji-tachi": "マージナルプリンス -月桂樹の王子達-",
    "Ryuusei Sentai Musumet": "流星戦隊ムスメット",
    "Saa Ikou! Tamagotchi": "さぁイコー！たまごっち",
    "Seihou Tenshi Angel Links": "星方天使エンジェルリンクス",
    "Hoka Hoka Kazoku": "ほかほか家族",
    "Lemon Angel (1988/II)": "レモンエンジェル (1988/II)",
    "Love♥Love?": "LOVE♥LOVE?",
    "Samurai Girl Real Bout High School": "サムライガール リアルバウトハイスクール",
    "Kerokko Demetan": "けろっこデメタン",
    "Monster Hunter Stories: Ride On": "モンスターハンター ストーリーズ RIDE ON",
    "Regalia: The Three Sacred Stars": "レガリア The Three Sacred Stars",
    "Soul Buster": "ソウルバスター",
    "Anime Oyako Gekijou": "アニメ 親子劇場",
    "Chiisana Ojisan": "小さなおじさん",
    "DD Hokuto no Ken 2 Ichigo Aji+": "DD北斗の拳2 イチゴ味+"
}
