{
    "Girlfriend (Kari)": "ガールフレンド(仮)",
    "Himegoto": "ひめゴト",
    "Kaitou Tenshi Twin Angel: Kyun Kyun☆Tokimeki Paradise!!": "快盗天使ツインエンジェル きゅんきゅん☆ときめきパラダイス!!",
    "Mahou Shoujo Nante Mou Ii Desukara.": "魔法少女なんてもういいですから。",
    "Puzzle & Dragons Cross": "パズル&ドラゴンズ クロス",
    "Active Raid: Kidou Kyoushuushitsu Dai Hachi Gakari": "アクティヴレイド 機動強襲室第八係",
    "Avenger": "アヴェンジャー",
    "Firestorm": "ファイアーストーム",
    "G-On Riders": "G-ONらいだーす",
    "Ishida to Asakura": "石田とあさくら",
    "Chokkyuu Hyoudai Robot Anime: Straight Title": "直球表題 ロボットアニメ",
    "Kara The Animation": "KARA THE ANIMATION",
    "Comet Lucifer": "コメット・ルシファー",
    "Rio: Rainbow Gate!": "リオ レインボーゲート",
    "Sekai de Ichiban Tsuyoku Naritai!": "世界でいちばん強くなりたい！",
    "Dibetagurashi: Ahiru no Seikatsu": "ディベタグラシー あひるの生活",
    "Kakyuusei 2: Hitomi no Naka no Shoujo-tachi": "下級生2 〜瞳の中の少女たち〜",
    "Beast Saga": "ビーストサーガ",
    "Fushigi na Somera-chan": "不思議なソメラちゃん",
    "Kakko Kawaii Sengen!": "カッコカワイイ宣言！",
    "Kiitarou Shounen no Youkai Enikki": "奇異太郎少年の妖怪絵日記",
    "Boku no Imouto wa \"Osaka Okan\"": "僕の妹は「大阪おかん」",
    "Choboraunyopomi Gekijou Dai Ni Maku Ai Mai Mii: Mousou Catastrophe": "ちょぼらうにょぽみ劇場 第二幕 あいまいみー もうそうカタストロフィ",
    "Koi Koi 7": "こいこい7",
    "Bloodivores": "ブラッディヴォーレス",
    "Garo: Guren no Tsuki": "牙狼〈GARO〉-紅蓮ノ月-",
    "Kantoku Fuyuki Todoki": "監督不行届",
    "Meshimase Lodoss-tou Senki: Sorette Oishii no?": "召しませロードス島戦記 それっておいしいの？",
    "Shounen Ashibe: Go! Go! Goma-chan": "少年アシベ GO! GO! ゴマちゃん",
    "Anisava": "あにさば",
    "Ginsoukikou Ordian": "銀装騎攻オーディアン",
    "Moegaku★5": "萌えがく★5",
    "Neko nanka Yondemo Konai.": "猫なんかよんでもこない。",
    "Youkai Ningen Bem (2006)": "妖怪人間ベム (2006)",
    "Battery": "バッテリー",
    "Duel Masters": "デュエル・マスターズ",
    "Kaitou Reinya": "怪盗レーニャ",
    "Onsen Yousei Hakone-chan": "温泉幼精ハコネちゃん",
    "Pugyuru": "ぷぎゅる",
    "Babel Nisei (2001)": "バビル2世 (2001)"
}
