{
    "Kashi no Ki Mokku": "樫の木モック",
    "Sweet Valerian": "スウィート・ヴァレリアン",
    "Military!": "ミリタリー！",
    "Anitore! XX": "あにトレ！XX",
    "Aquarion Logos": "アクエリオンロゴス",
    "Lime-iro Ryuukitan X": "らいむいろ流奇譚X",
    "Usakame": "うさかめ",
    "Divine Gate": "ディバインゲート",
    "Jikuu Tenshou Nazca": "時空転抄ナスカ",
    "Shin Seiki Den Mars": "新世紀伝マーズ",
    "Super Milk-chan": "スーパーミルクちゃん",
    "Bihada Ichizoku": "美肌一族",
    "Chaos Dragon: Sekiryuu Seneki": "ケイオスドラゴン 赤竜戦役",
    "Cheating Craft": "チーティングクラフト",
    "Gundam: G no Reconguista": "ガンダム Gのレコンギスタ",
    "Mikan-Seijin": "ミカン星人",
    "Futari wa Milky Holmes": "ふたりはミルキィホームズ",
    "High Score": "ハイスコア",
    "Mahou Shoujo Taisen": "魔法少女大戦",
    "Parappa the Rapper": "パラッパラッパー",
    "Choboraunyopomi Gekijou Ai Mai Mii": "ちょぼらうにょぽみ劇場 あいまいみー",
    "ClassicaLoid": "クラシカロイド",
    "Mini Moni the TV": "ミニモニ。ひとりじめ",
    "Next Senki Ehrgeiz": "ネクスト戦記エーアガイツ",
    "Minna Atsumare! Falcom Gakuen": "みんな集まれ！ファルコム学園",
    "Misute♡naide Daisy": "見捨てないでデイジー",
    "Peeping Life TV: Season 1??": "ピーピングライフ TV シーズン1??",
    "Fuuun Ishin Dai☆Shogun": "風雲維新ダイ☆ショーグン",
    "Onara Gorou": "おなら吾郎",
    "Platonic Chain": "プラトニックチェーン",
    "Alexander Senki": "アレクサンダー戦記",
    "Diabolik Lovers": "ディアボリックラヴァーズ",
    "Uchurei!": "うちゅれい！",
    "Go! Go! 575": "ゴー！ゴー！575",
    "Mayoiga": "迷家-マヨイガ-",
    "Seisen Cerberus: Ryuukoku no Fatalités": "聖戦ケルベロス 竜刻のファタリテ",
    "Shokupan Mimi": "しょくぱんみみ",
    "Endride": "エンドライド",
    "Shibainuko-san": "しばいぬ子さん",
    "Aesop’s World": "イソップワールド"
}
