{
    "Glass no Kamen Desu ga": "ガラスの仮面ですが",
    "Lance N' Masques": "ランス・アンド・マスクス",
    "Minarai Diva": "みならいディーバ",
    "UG☆Ultimate Girls": "UG☆アルティメットガール",
    "Q Transformers: Kaette Kita Convoy no Nazo": "Qトランスフォーマー 帰ってきたコンボイの謎",
    "Wild 7 Another Bouryaku Unga": "ワイルド7 another 謀略運河",
    "Big Order (TV)": "ビッグオーダー (TV)",
    "Hagane Orchestra": "はがねオーケストラ",
    "Koroshiya-san: The Hired Gun": "殺し屋さん The hired gun",
    "Momo Kyun Sword": "モモキュンソード",
    "Baby Felix": "ベビーフィリックス",
    "PostPet Momobin": "ポストペット モモ便",
    "Barom One": "バロム・1",
    "Majuu Sensen: The Apocalypse": "魔獣戦線 ジ・アポカリプス",
    "Francesca": "フランチェスカ",
    "Happy Kappy": "ハッピー カッピー",
    "Hit wo Nerae!": "ヒットをねらえ!",
    "Ikeike! Momon-chan": "いけいけ! ももんちゃん",
    "Suzakinishi the Animation": "洲崎西 THE ANIMATION",
    "Bernard-jou Iwaku.": "ベルナール嬢曰く。",
    "Kinniku Banzuke: Kongou-kun no Daibouken!": "筋肉番付 金剛くんの大冒険!",
    "Pan de Peace!": "ぱんでPeace!",
    "Double-J": "だぶるじぇい",
    "Anitore! EX": "あにトレ! EX",
    "SD Gundam Force": "SDガンダムフォース",
    "Peeping Life": "ピーピングライフ",
    "MapleStory": "メイプルストーリー",
    "Sparrow's Hotel": "すぱろうずホテル",
    "Virus: Virus Buster Serge": "ウイルス バスター サージ",
    "Oshiri Kajiri Mushi (TV) 4th Season": "おしりかじり虫 (TV) 第4シーズン",
    "Sengoku Choujuu Giga": "戦国鳥獣戯画",
    "Watashitachi, Luck Logic-bu!": "私たち、らっくろじ部!",
    "Glasslip": "グラスリップ",
    "Oshiri Kajiri Mushi (TV) 2nd Season": "おしりかじり虫 (TV) 第2シーズン",
    "Haja Kyosei G Dangaiou": "覇者強制 ジー ダンガイオー",
    "Maji de Otaku na English! Ribbon-chan: Eigo de Tatakau Mahou Shoujo - The TV": "マジでオタクなイングリッシュ! りぼんちゃん 英語で戦う魔法少女 The TV",
    "Saiko Robot Kombock": "最高ロボ コンボック",
    "Venus Project: Climax": "ヴィーナス プロジェクト -クライマックス-",
    "Charady no Joke na Mainichi": "チャラディのジョークな毎日",
    "Oshiri Kajiri Mushi (TV) 3rd Season": "おしりかじり虫 (TV) 第3シーズン"
}
