{
    "Wagamama High Spec": "わがままハイスペック",
    "Ame-iro Cocoa in Hawaii": "雨色ココア in Hawaii",
    "Onigiri": "おにぎり",
    "Ozmafia!!": "オズマフィア!!",
    "Urawa no Usagi-chan": "浦和のうさぎちゃん",
    "Pacusi": "ぱくし",
    "Genma Taisen: Shinwa Zenya no Shou": "幻魔大戦 神話前夜の章",
    "Akiba-chan": "アキバちゃん",
    "Kurayami Santa": "暗闇三太",
    "Litchi DE Hikari Club": "ライチ DE 光クラブ",
    "Maji de Otaku na English! Ribbon-chan: Eigo de Tatakau Mahou Shoujo": "マジでオタクなイングリッシュ！りぼんちゃん 英語で戦う魔法少女",
    "Oshiri Kajiri Mushi (TV)": "おしりかじり虫 (TV)",
    "Tenpou Suikoden Neo": "天保水滸伝Neo",
    "Bikini Warriors": "ビキニ・ウォリアーズ",
    "Kowabon": "こわぼん",
    "Doamaiger D": "ドアマイガーD",
    "Run=Dim": "ラン＝ディム",
    "Scared Rider Xechs": "スカーレッドライダーゼクス",
    "Idol Memories": "アイドルメモリーズ",
    "Time Bokan 24": "タイムボカン 24",
    "Heybot!": "ヘボット！",
    "Funny Pets": "ファニーペッツ",
    "Legend of Duo": "レジェンド オブ デュオ",
    "Chou Henshin Cosprayers": "超変身コス∞プレイヤー",
    "3-Nen D-Gumi Glass no Kamen": "3年D組ガラスの仮面",
    "Bishoujo Yuugi Unit Crane Game Girls Galaxy": "美少女遊戯ユニットクレーンゲールギャラクシー",
    "BAR Kiraware Yasai": "BAR嫌われ野菜",
    "Papillon Rose": "パピヨンローゼ",
    "Million Doll": "ミリオンドール",
    "KochinPa!": "こちんぱ！",
    "Makura no Danshi": "まくらのだんし",
    "Ame-iro Cocoa: Rainy Color e Youkoso!": "雨色ココア Rainy colorへようこそ！",
    "Ao Oni The Animation": "青鬼 The Animation",
    "Nazotokine": "なぞときね",
    "Ame-iro Cocoa": "雨色ココア",
    "Sushi Police": "寿司ポリス",
    "JK Meshi!": "JKめし！",
    "Bishoujo Yuugi Unit Crane Game Girls": "美少女遊戯ユニットクレーンゲール",
    "Ragnastrike Angels": "ラグナストライクエンジェルズ",
    "Hanoka": "はのか"
}
