{
    "Mahou Shoujo? Naria☆Girls": "魔法少女？ナリア☆ガールズ",
    "Pupa": "ピューパ",
    "Vampire Holmes": "ヴァンパイアホームズ",
    "0-sen Hayato": "零戦隼",
    "2020 Nyeon Ujuui Wonder Kiddy": "2020年宇宙のワンダーキディ",
    "47 Todoufuken": "47都道府犬",
    "47 Todoufuken R": "47都道府犬R",
    "A-jang.com": "A-チャン.com",
    "Ad Lib Anime Kenkyuujo": "アドリブアニメ研究所",
    "Agigongryong Doolie": "アギゴンリョン ドゥーリ",
    "Agigongryong Doolie (1988)": "アギゴンリョン ドゥーリ (1988)",
    "Agigongryong Doolie (2009)": "アギゴンリョン ドゥーリ (2009)",
    "Ahare! Meisaku-kun": "あはれ! 名作くん",
    "AIUEO Anime Sekai no Douwa: Aesop Monogatari Anime Series": "AIUEOアニメ 世界の童話 イソップ物語アニメシリーズ",
    "Akadou Suzunosuke": "赤胴鈴之助",
    "Akane-chan": "あかねちゃん",
    "Akuei to Gacchinpo": "アクエイとガッチンポ",
    "Akuei to Gacchinpo: Tenkomori": "アクエイとガッチンポ 天コ盛り",
    "Alice Tantei Kyoku": "アリス探偵局",
    "Alps no Shoujo Heidi? Chara Onji": "アルプスの少女ハイジ? チャラおじ",
    "Animal 1": "アニマル1",
    "Animax Taisou": "アニマックス体操",
    "Anime Document: München e no Michi": "アニメ ドキュメント ミュンヘンへの道",
    "Anime Roukyoku Kikou Shimizu no Jirochouden": "アニメ浪曲紀行 清水次郎長伝",
    "Anime TV de Hakken! Tamagotchi": "アニメTVで発見！たまごっち",
    "Anime Yasei no Sakebi": "アニメ 野生のさけび",
    "Animentary: Ketsudan": "アニメンタリー 決断",
    "Apache Yakyuugun": "アパッチ野球軍",
    "Aqua Kids": "アクアキッズ",
    "Asa da yo! Kaishain": "朝だよ！会社員",
    "Asobo Toy-chan": "あそぼ トイちゃん",
    "AWOL": "エイウォル",
    "Azumi Mamma★Mia": "あずみマンマ★ミーア",
    "Ba La La Xiao Mo Xian Zhi: Caihong Xin Shi": "バララ小魔仙之彩虹心石",
    "Ba La La Xiao Mo Xian Zhi: Meng Huan Xuan Lu": "バララ小魔仙之夢幻旋律",
    "Ba La La Xiao Mo Xian Zhi: Qiji Wubu": "バララ小魔仙之奇跡舞步",
    "Backstage Idol Story": "バックステージアイドルストーリー",
    "Bakujuu Gasshin Ziguru Hazeru": "爆獣合神ジグルハーゼル",
    "Barnacle Lou": "バーナクル・ルー"
}

