{
    "Bary-san no Imabari-ben Kouza": "バリーさんの今治弁講座",
    "Bemubemu Hunter Kotengu Tenmaru": "べむべむハンターこてんぐテン丸",
    "Beompeoking Jaepeo": "ボンピーキング ジェッパー",
    "Big Mouth Do Do": "ビッグマウス ドゥドゥ",
    "Big X": "ビッグX",
    "Bikkuriman": "ビックリマン",
    "Bikkuriman 2000": "ビックリマン2000",
    "Bip to Bap": "ビップとバップ",
    "Biriken": "ビリ犬",
    "Biriken Nandemo Shoukai": "ビリ犬なんでも紹介",
    "Bit the Cupid": "ビット ザ キューピッド",
    "Bloody Bunny": "ブラッディバニー",
    "Boku wa Ou-sama (TV)": "ぼくは王さま (TV)",
    "Boo Boo Boy": "ブーブー ボーイ",
    "Bouken Gabotenjima": "冒険ガボテン島",
    "Bouken Korobokkuru": "冒険コロボックル",
    "Bouken Shounen Shadar": "冒険少年シャダー",
    "Bouken Yuuki Pluster World": "冒険勇気プラスターワールド",
    "Bubaga": "ブバガ",
    "Bucket de Gohan": "バケツでごはん",
    "Bug tte Honey": "ぶぐってハニー",
    "Burutabu-chan": "ぶるたぶちゃん",
    "Captain (TV)": "キャプテン (TV)",
    "Carino Coni": "カリーノコニ",
    "Chengyu Donghua Lang": "成語アニメーション ウォレス",
    "Cheonbangjichuk Hani": "天方直衝 ハニ",
    "Chi Dor Dor, Chi Dor Dor": "チドルドル、チドルドル",
    "Chi-Sui Maru": "チー水丸",
    "Chi-Sui Maru 2nd Season": "チー水丸 セカンドシーズン",
    "Chibikko Kaijuu Yadamon": "ちびっこ怪獣ヤダモン",
    "Chibinacs": "ちびなっくす",
    "Chibinacs 2.0": "ちびなっくす2.0",
    "Chibinacs 3": "ちびなっくす3",
    "Chie-chan Funsenki: Jarinko Chie": "ちえちゃん奮戦記 じゃりン子チエ",
    "Chii Jiaan Chuaanqii": "チージャン伝奇",
    "Chii-chan to Hige Ojisan": "ちーちゃんとひげおじさん",
    "Chikasugi Idol Akae-chan": "近すぎアイドル 赤江ちゃん",
    "Chikkun Takkun": "ちっくんたっくん",
    "Chikyuu SOS Sore Ike Kororin": "地球SOSそれいけコロリン",
    "Chingou Muchabee": "ちんごう ムチャビー"
}
