{
    "Chinpui": "ちんぷい",
    "Chobitto Zukan": "ちょびっとずかん",
    "Choegang Habche: Mix Master": "超絶合体ミックスマスター",
    "Choegang Top Plate": "超絶トッププレート",
    "Chou Kousoku Galvion": "超攻速ガルビオン",
    "Chou Zenmairobo: Patrasche": "超全域ロボ パトラッシュ",
    "Choubakuretsu Ijigen Menko Battle: Gigant Shooter Tsukasa": "超爆裂異次元メンコバトル ギガントシューター つかさ",
    "Chouriki Robo Galatt": "超力ロボ ガラット",
    "CoCO & NiCO": "ココ&ニコ",
    "Cofun Gal no Coffy (TV)": "こふんがるのコフィー (TV)",
    "Cofun Gal no Coffy Campus Life": "こふんがるのコフィー キャンパスライフ",
    "Coral no Tanken": "コーラルの探検",
    "Cybot Robocchi": "サイボットロボッチ",
    "Daisuki! Nendomama": "だいすき！ねんどまま",
    "Dalam-iwa Goseumdochi": "ダラム岩ゴセウムドチ",
    "Dame Oyaji": "ダメおやじ",
    "Danchi Tomoo": "団地ともお",
    "Dango San Kyoudai Attoiuma Gekijou": "だんご3兄弟 あっという間劇場",
    "Deban Desu Yo! Onigirizu": "でばんですよ！おにぎりず",
    "Deko Boko Friends": "でこぼこフレンズ",
    "DigiGirl Pop!: Strawberry & Pop Mix Flavor": "デジガールPOP！ストロベリー＆ポップミックスフレーバー",
    "Dochamon Junior": "どちゃもんじゅにあ",
    "Dochamon Junior 2": "どちゃもんじゅにあ2",
    "Doctor Chichibuyama": "ドクター秩父山",
    "Dokaben": "どかべん",
    "Dokachin": "どかちん",
    "Dokkan! Robotendon": "どっかん！ロボ天どん",
    "Dolittle-sensei Monogatari": "ドリトル先生物語",
    "Dolphin Ouji": "ドルフィン王子",
    "Donkikko": "どんきっこ",
    "Dorimogu Daa!!": "どりもぐだぁ!!",
    "Dororonpa!": "どろろんぱっ！",
    "Dotanba no Manners": "どたんばのマナーズ",
    "Doteraman": "どてらまん",
    "Doubutsu Kankyou Kaigi": "動物環境会議",
    "Doubutsu Mura Monogatari": "どうぶつ村ものがたり",
    "Doushitemo Eto ni Hairitai": "どうしても干支にはいりたい",
    "Duel Masters VSR": "デュエル・マスターズ VSR",
    "Duel Masters VSRF": "デュエル・マスターズ VSRF",
    "Eagle Sam": "イーグルサム"
}
