{
    "Jormungand: Perfect Order": "ヨルムンガンド PERFECT ORDER",
    "Overlord": "オーバーロード",
    "Prince of Tennis": "テニスの王子様",
    "Takarajima": "宝島",
    "Yuru Yuri San☆Hai!": "ゆるゆり さん☆ハイ！",
    "Eikoku Koi Monogatari Emma: Molders-hen": "英国恋物語エマ モルダース編",
    "Ergo Proxy": "エルゴプラクシー",
    "Hanasaku Iroha": "花咲くいろは",
    "Hataraku Maou-sama!": "はたらく魔王さま！",
    "Hibike! Euphonium": "響け！ユーフォニアム",
    "Higashi no Eden": "東のエデン",
    "Ie Naki Ko Remi": "家なき子レミ",
    "Kono Subarashii Sekai ni Shukufuku wo!": "この素晴らしい世界に祝福を！",
    "Mobile Suit Zeta Gundam": "機動戦士Ζガンダム",
    "Prison School": "監獄学園",
    "Saint Seiya": "聖闘士星矢",
    "Sayonara Zetsubou Sensei": "さよなら絶望先生",
    "Zoku Sayonara Zetsubou Sensei": "続 さよなら絶望先生",
    "Akachan to Boku": "赤ちゃんと僕",
    "Macross F": "マクロスF",
    "Sakigake!! Cromartie Koukou": "魁!!クロマティ高校",
    "Touhai Densetsu Akagi: Yami ni Maiorita Tensai": "闘牌伝説アカギ 闇に舞い降りた天才",
    "D.Gray-man Hallow": "D.Gray-man HALLOW",
    "Dragon Ball Kai (2014)": "ドラゴンボール改（2014）",
    "Gochuumon wa Usagi Desu ka??": "ご注文はうさぎですか？？",
    "Hidamari Sketch x ☆☆☆": "ひだまりスケッチ×☆☆☆",
    "Kokoro Connect": "ココロコネクト",
    "Shirokuma Cafe": "しろくまカフェ",
    "Zan Sayonara Zetsubou Sensei": "懺・さよなら絶望先生",
    "City Hunter": "シティーハンター",
    "Bishoujo Senshi Sailor Moon: Sailor Stars": "美少女戦士セーラームーン セーラースターズ",
    "Hidamari Sketch x Honeycomb": "ひだまりスケッチ×ハニカム",
    "Hokuto no Ken": "北斗の拳",
    "Les Misérables: Shoujo Cosette": "レ・ミゼラブル 少女コゼット",
    "Serial Experiments Lain": "シリアルエクスペリメンツレイン",
    "Shiki": "屍鬼",
    "Baka to Test to Shoukanjuu Ni!": "バカとテストと召喚獣 にっ！",
    "Gundam Build Fighters": "ガンダムビルドファイターズ",
    "Seihou Bukyou Outlaw Star": "星方武侠アウトロースター",
    "White Album 2": "ホワイトアルバム2"
    }