{
    "Easy Cooking Animation: Seishun no Shokutaku": "イージークッキングアニメーション 青春の食卓",
    "Eddie the Fast Break": "エディ ザ ファストブレイク",
    "Edokko Boy: Gatten Tasuke": "江戸っ子ボーイ がってん太助",
    "Ehon Yose": "絵本寄席",
    "Eigo de Asobo: Tanken Goblin Tou": "英語であそぼ 探検ゴブリン島",
    "Ekubo Ouji": "えくぼ王子",
    "Elec-king The Animation": "エレックキング The Animation",
    "Feng Shu Zhan Jing 2": "風水戦争 2",
    "Fight Da!! Pyuta": "ファイトだ！！ピュータ",
    "Flowering Heart": "フラワーリングハート",
    "Forza! Hidemaru": "フォルツァ！ヒデマル",
    "Fruity Samurai": "フルーティー侍",
    "Fujilog": "ふじログ",
    "Fujilog 2nd Season": "ふじログ セカンドシーズン",
    "Fuku-chan": "福ちゃん",
    "Funassyi no Funafunafuna Biyori": "ふなっしーのふなふなふな日和",
    "Funny Pets 2nd Season": "ファニーペッツ 2ndシーズン",
    "Fushigi no Yappo Shima: Pukipuki to Poi": "ふしぎのやっぽ島 プキプキとポイ",
    "Fushigina Ano Ko wa Sutekina Kono Ko": "ふしぎなあの子はすてきなこの子",
    "Futago no Monchhichi": "ふたごのモンチッチ",
    "Futari wa Nakayoshi: Goo to Sue": "ふたりはなかよし グーとスー",
    "Fuusen Inu Tinny": "風船犬ティニー",
    "Fuusen Inu Tinny 2nd Season": "風船犬ティニー セカンドシーズン",
    "Fuusen no Doratarou": "風船のどらたろう",
    "Gaki Deka": "ガキデカ",
    "Gakkou no Kowai Uwasa Shin: Hanako-san ga Kita!!": "学校のこわいうわさ 新・花子さんがきた!!",
    "Game Center Arashi": "ゲームセンターあらし",
    "Gan to Gon": "ガンとゴン",
    "Ganbare Gonbe": "がんばれゴンベ",
    "Ganbare! Lulu Lolo": "がんばれ！ルルロロ",
    "Ganbare! Lulu Lolo 2nd Season": "がんばれ！ルルロロ セカンドシーズン",
    "Ganbare! Lulu Lolo 3rd Season": "がんばれ！ルルロロ サードシーズン",
    "Ganbare! Marine Kid": "がんばれ！マリンキッド",
    "Ganbare! Oden-kun": "がんばれ！おでんくん",
    "Ganbare!! Nattou-san": "がんばれ！！納豆さん",
    "Ganbare-bu Next!": "がんばれ部 Next!",
    "Gatapishi": "がたぴし",
    "Gegege no Kitarou: Jigoku-hen": "ゲゲゲの鬼太郎 地獄編",
    "Gekisou! Rubenkaiser": "激走！ルーベンカイザー",
    "Gene Diver": "ジーンダイバー"
}
