{
    "Genki Genki Non-tan": "げんきげんきノンタン",
    "Genki Genki Non-tan (2004)": "げんきげんきノンタン (2004)",
    "Genki Genki Non-tan (2006)": "げんきげんきノンタン (2006)",
    "Genki!! Ekoda-chan": "元気!!えこだちゃん",
    "Giga Tribe": "ギガトライブ",
    "Ginga Hyouryuu Vifam 13": "銀河漂流バイファム13",
    "Ginga Shounen Tai": "銀河少年隊",
    "Glass no Kamen Desu ga to Z": "ガラスの仮面ですがとZ",
    "GO-GO Tamagotchi!": "GO-GO たまごっち！",
    "Gogulyeoui Jeolm-eun Musadeul": "고굴려의 젊은 무사들",
    "Gohan Kaijuu Pap": "ごはん怪獣パップ",
    "Gokyoudai Monogatari": "ごきょうだい物語",
    "Gon 2nd Season": "ゴン 2ndシーズン",
    "Good Morning!!! Doronjo": "グッドモーニング!!! ドロンジョ",
    "Gozonji! Gekkou Kamen-kun": "ご存じ！月光仮面くん",
    "Gra-P & Rodeo": "グラップ＆ロデオ",
    "Gra-P & Rodeo 2nd Season": "グラップ＆ロデオ セカンドシーズン",
    "Great Hunt": "グレートハント",
    "Greek Roman Sinhwa: Olympus Guardian": "グリークローマン神話 オリンポスガーディアン",
    "Green Saver": "グリーンセイバー",
    "Guru Guru Town Hanamaru-kun": "ぐるぐるタウンはなまるくん",
    "Gutchonpa Omoshiro Hanashi": "ぐっちょんぱおもしろ話",
    "Hajime Ningen Gon": "はじめ人間ゴン",
    "Hajime Ningen Gyatoruz": "はじめ人間ギャートルズ",
    "Hakken Taiken Daisuki! Shimajirou": "発見体験 だいすき！しまじろう",
    "Hamster Sam": "ハムスターサム",
    "Hana no Kakarichou": "花の係長",
    "Hanakappa": "はなかっぱ",
    "Hanasaka Tenshi Tenten-kun": "花さか天使テンテンくん",
    "Happy Jozy": "ハッピー ジョジー",
    "Happyakuyachou Hyouri Kewaishi": "八百八町表裏化粧師",
    "Happy☆Lucky Bikkuriman": "ハッピー☆ラッキー ビックリマン",
    "Harisu no Kaze": "はりすの風",
    "Harley Spiny": "ハーレー スパイニー",
    "Hatara Kids Mai Ham Gumi": "はたらキッズ マイハム組",
    "Hato no Oyome-san": "鳩のお嫁さん",
    "Hayan Ma-eum Baeggu": "早い心バック",
    "Hazedon": "ハゼドン",
    "Heart Cocktail": "ハートカクテル",
    "Heibai Wushang": "黒白無双"
}
