{
    "Heisei Tensai Bakabon": "平成天才バカボン",
    "Heli-Tako Puu-chan": "ヘリタコプーちゃん",
    "Hello Kitty no Stump Village": "ハローキティのスタンプビレッジ",
    "Hello Kitty: Ringo no Mori no Fantasy": "ハローキティ りんごの森のファンタジー",
    "Hello Kitty: Ringo no Mori no Mystery": "ハローキティ りんごの森のミステリー",
    "Hello Kitty: Ringo no Mori to Parallel Town": "ハローキティ りんごの森とパラレルタウン",
    "Hero Hero-kun": "ヒーローヒーローくん",
    "Hey Yo Yorang": "ヘイ・ヨー・ヨラン",
    "Hidamari no Ki": "陽だまりの樹",
    "High School Mystery: Gakuen Nanafushigi": "ハイスクールミステリー 学園七不思議",
    "Himitsukessha Taka no Tsume Countdown": "秘密結社鷹の爪 COUNTDOWN",
    "Himitsukessha Taka no Tsume DO": "秘密結社鷹の爪 DO",
    "Himitsukessha Taka no Tsume EX": "秘密結社鷹の爪 EX",
    "Himitsukessha Taka no Tsume Gaiden: Mukashi no Yoshida-kun": "秘密結社鷹の爪 外伝 昔の吉田くん",
    "Himitsukessha Taka no Tsume MAX": "秘密結社鷹の爪 MAX",
    "Himitsukessha Taka no Tsume NEO": "秘密結社鷹の爪 NEO",
    "Hitotsuboshi-ke no Ultra Baasan": "一つ星家のウルトラばぁさん",
    "Hoshi no Ko Poron": "星の子ポロン",
    "Hoshi Shinichi Short Short": "星新一ショートショート",
    "Hula Kappa": "フラカッパ",
    "Hulu Xiongdi": "胡麓兄弟",
    "Hustle Punch": "ハッスルパンチ",
    "Hyouga Senshi Gaislugger": "氷河戦士ガイスラッガー",
    "Hyper ERT": "ハイパーERT",
    "Ichigo Ichie: Kimi no Kotoba": "一期一会 きみのことば",
    "Ichigo Ichie: Koibana Tomobana": "一期一会 恋花友花",
    "Ijiwaru Baasan": "いじわるばあさん",
    "Ijiwaru Baasan (1996)": "いじわるばあさん (1996)",
    "Ikemen Kyuugo-tai Nurse Angels": "イケメン救急隊ナースエンジェルズ",
    "Ikinari Dagon": "いきなりダゴン",
    "Ikkyuu-san (1978)": "一休さん (1978)",
    "Inakappe Taishou": "いなかっぺ大将",
    "Inazma Delivery": "イナズマデリバリー",
    "Instant History": "インスタントヒストリー",
    "Inumarudashi": "いぬまるだしっ",
    "Iruka to Shounen": "いるかと少年",
    "Itazura Tenshi Chippo-chan": "いたずら天使チッポちゃん",
    "Itsumo Kokoro ni Taiyou wo!": "いつも心に太陽を!",
    "Jam the Housnail": "ジャム ザ ハウスネイル",
    "Jarinko Chie (TV)": "じゃりン子チエ (TV)"
}
