{
    "Jarujio Animal": "ジャルジオアニマル",
    "Jim Button": "ジムボタン",
    "Jinxiu Shenzhou Zhi Qi You Ji": "錦繍神州之奇遊記",
    "Jinzou Konchuu Kabutoborg VxV": "人造昆虫カブトボーグ VxV",
    "Johnny Cypher": "ジョニー・サイファー",
    "Judo Sanka": "柔道讃歌",
    "Jungle Kurobee": "ジャングル黒べえ",
    "Kabushiki Kaisha Zoo": "株式会社ズー",
    "Kaden Manzai John TV Show!": "家電漫才ジョンTVショー！",
    "Kagaku Bouken-tai Tansar 5": "科学冒険隊タンサー5",
    "Kagee Aesop Monogatari": "影絵イソップ物語",
    "Kagee Grimm Douwa": "影絵グリム童話",
    "Kagee Mukashibanashi": "影絵昔話",
    "Kaijuu Sakaba Kanpai!": "怪獣酒場カンパーイ！",
    "Kaiketsu Tamagon": "かいけつタマゴン",
    "Kaitei Shounen Marine": "海底少年マリン",
    "Kaitou Pride": "怪盗プライド",
    "Kaizoku Ouji": "海賊王子",
    "Kamen no Ninja Akakage": "仮面の忍者 赤影",
    "Kamigami no Ki": "神々の樹",
    "Kaminari Boy Pikkaribee★": "雷ボーイピッカリビー★",
    "Kamiusagi Rope: Warau Asa ni wa Fukuraitaru tte Maji ssuka!": "紙兎ロペ 笑う朝には福来たるってマジっすか！",
    "Kamiwaza Wanda": "カミワザ・ワンダ",
    "Kappamaki": "かっぱ巻",
    "Karakuri Kengou Den Musashi Lord": "からくり剣豪伝ムサシロード",
    "Karaoke Senshi Mike-tarou": "カラオケ戦士マイク太郎",
    "Karasu no Puuta": "カラスのパウタ",
    "Karate Baka Ichidai": "空手バカ一代",
    "Kareshi wa Hammerhead Shark": "彼氏はハンマーヘッドシャーク",
    "Kariage-kun": "カリアゲ君",
    "Karl to Fushigi na Tou": "カールとふしぎな塔",
    "Kasumin": "カスミン",
    "Kasumin 2nd Season": "カスミン セカンドシーズン",
    "Kayoe! Chuugaku": "カヨエ！中学",
    "Kero Kero Keroppi: Hasunoue Town Kiki Ippatsu!": "けろけろけろっぴの蓮の上タウン危機一髪！",
    "Keshikasu-kun": "けしがすくん",
    "Ketsuinu": "けついぬ",
    "Ki-Fighter Taerang": "キーファイター テラン",
    "Kick no Oni": "キックの鬼",
    "Kick Off 2002": "キックオフ2002"
}
