{
    "Kimoshiba": "キモシバ",
    "King Kong: 001/7 Tom Thumb": "キングコング：001/7トムサム",
    "Kinpatsu no Jeanie": "金髪のジェニー",
    "Kinyoru, Abe Reiji: Heikinteki na Salaryman no Ijou na Nichijou": "金曜日、阿部礼二：平均的なサラリーマンの異常な日常",
    "Kirin Ashita no Calendar": "キリンあしたのカレンダー",
    "Kirin Monoshiri Yakata": "キリンものしり館",
    "Kkurukkuruwa Chingudeul": "クルックルワ チングデウル",
    "Kobo-chan": "こぼちゃん",
    "Kochinpa! Dainiki": "こちんぱ！第二期",
    "Koguma no Misha": "小熊のミーシャ",
    "Koishite!! Namashi-chan": "恋して!! なましーちゃん",
    "Komatsu Sakyo Anime Gekijou": "小松左京アニメ劇場",
    "Konchuu Monogatari Tentoumu Chu! to Mitsubachi Hatsu Chu!": "昆虫物語 てんとう虫の歌 と みつばちハッチ",
    "Konna Ko Iru kana": "こんな子いるかな",
    "Konna Watashitachi ga Nariyuki de Heroine ni Natta Kekka www (TV)": "こんな私たちが成り行きでヒロインになった結果www (TV)",
    "Konpora Kid": "コンポラキッド",
    "Korokoro Animal": "コロコロアニマル",
    "Korokoro Animal 2": "コロコロアニマル2",
    "Kotatsu Neko": "こたつねこ",
    "Kotencotenco": "こてんこてんこ",
    "Koto Nakare Hero Gingerman": "事なかれヒーロージンジャーマン",
    "Kotori Samba": "ことりサンバ",
    "Kotowaza House": "ことわざハウス",
    "Koume-chan ga Iku!": "こうめちゃんが行く！",
    "Kujira no Josephina": "くじらのジョセフィーナ",
    "Kuma no Puutarou": "くまのプータロー",
    "Kunimatsu-sama no Otoridai": "国松さまのお通りだい",
    "Kupu~!! Mamegoma!": "クプ〜!! まめゴマ!",
    "KutsuDaru.": "くつだる。",
    "Kwaegeol Longman Narongi": "クェゴル ロングマン ナロンギ",
    "Kyoufu no Kyou-chan": "恐怖のキョウちゃん",
    "Kyoufu! Zombie Neko": "恐怖！ゾンビネコ",
    "Kyouryuu Wakusei": "恐竜惑星",
    "Kyuumei Senshi Nanosaver": "救命戦士ナノセイバー",
    "Lan Mao": "ランマオ",
    "Larva 2nd Season": "ラーバ セカンドシーズン",
    "Larva 3rd Season": "ラーバ サードシーズン",
    "Lena lena": "レナレナ",
    "Letchu, Getchu, Saru Getchu": "レッチュ、ゲッチュ、サルゲッチュ",
    "Life!": "ライフ！"
}
