{
    "Linetown": "ラインタウン",
    "Little Charo": "リトル・チャロ",
    "Little Charo 2": "リトル・チャロ2",
    "Little Charo: Touhoku-hen": "リトル・チャロ 東北編",
    "Lolling Seutajeu": "ローリング☆スターズ",
    "Lovely Movie: Itoshi no Muco Season 2": "ラブリームービー いとしのムーコ シーズン2",
    "Mabeobsaui Adeul Koli": "魔法使いの息子コリ",
    "Maboroshi Mabo-chan": "まぼろしマボちゃん",
    "Mach Girl": "マッハガール",
    "Machine Robo: Butchigiri Battle Hackers": "マシンロボ ぶっちぎりバトルハッカーズ",
    "Magical Hat": "まじかるハット",
    "Malta no Bouken": "マルタの冒険",
    "Mama Ohanashi Kikasete": "ママお話聞かせて",
    "Mameushi-kun": "豆牛くん",
    "Mamimume★Mogacho": "まみむめ☆もがちょ",
    "Manga Aesop Monogatari (TV)": "マンガイソップ物語",
    "Manga Doushite Monogatari": "マンガどうして物語",
    "Manga Hajimete Monogatari": "マンガはじめて物語",
    "Manga Hajimete Omoshiro Juku": "マンガはじめておもしろ塾",
    "Manga Ijin Monogatari": "マンガ偉人物語",
    "Manga Jinbutsushi": "マンガ人物史",
    "Manga Kodomo Bunko": "マンガ子供文庫",
    "Manga Kotowaja Jiten": "マンガことわざ辞典",
    "Manga Mitokoumon": "マンガ水戸黄門",
    "Manga Naruhodo Monogatari": "マンガなるほど物語",
    "Manga Nihon Emaki": "マンガ日本絵巻",
    "Manga Nihon Keizai Nyuumon": "マンガ日本経済入門",
    "Manga Nihonshi": "マンガ日本史",
    "Manga Nihonshi (NHK Han)": "マンガ日本史 (NHK版)",
    "Manga Nippon Mukashibanashi": "マンガ日本昔ばなし",
    "Marude Dameo": "まるでダメお",
    "Mask Masters": "マスクマスターズ",
    "Mayutoro The Toons": "マユトロ・ザ・トゥーンズ",
    "McDull and Chinese Culture": "マクダルと中国文化",
    "Mechakko Dotakon": "めちゃっこドタコン",
    "Meimon! Daisan Yakyuubu": "名門!第三野球部",
    "Meisaku World": "名作ワールド",
    "Meitantei Rascal": "名探偵ラスカル",
    "Microid S": "マイクロイドS",
    "Midnight Horror School": "ミッドナイトホラースクール"
}
