{
    "Mim Mam Mint": "ミムマムミント",
    "Mini Moni Yaru no da Pyon!": "ミニモニ。やるのだぴょん！",
    "Mini Van 2nd Season": "ミニバン セカンドシーズン",
    "Miracle! Mimika": "ミラクル！ミミカ",
    "Mirai Kara Kita Shounen Super Jetter": "未来からきた少年スーパージェッター",
    "Moeru! Oniisan": "燃える！お兄さん",
    "Mofu☆Mofu": "モフ☆モフ",
    "Momonga-mon": "モモンガーモン",
    "Momotarou Densetsu": "桃太郎伝説",
    "Mon Cheri CoCo": "モンシェリCoCo",
    "Monchhichiisu": "モンチッチィス",
    "Monkey Turn V": "モンキーターンV",
    "Monoshiri Daigaku: Ashita no Calendar": "ものしり大学 あしたのカレンダー",
    "Monpy": "モンピー",
    "Mori no Ratio": "森のラシオ",
    "Mori no Senshi Bonolon": "森の戦士ボノロン",
    "Morizo to Kikkoro": "もりぞうときっころ",
    "Mouretsu Atarou": "暴れん坊アタル",
    "Mouretsu Atarou (1990)": "暴れん坊アタル (1990)",
    "Mugen Senki Portriss": "夢幻戦記ポートリス",
    "Music Up": "ミュージックアップ",
    "Muzumuzu Eighteen": "むずむずエイティーン",
    "Naccio to Pomm": "ナッチョとポム",
    "Nameko: Sekai no Tomodachi": "なめこ：世界の友達",
    "Nana Moon": "ナナムーン",
    "Nananin no Ayakashi: Chimi Chimi Mouryou!! Gendai Monogatari": "七人の妖怪 ちみちみ魍魎!!現代物語",
    "Nano Invaders": "ナノインベーダーズ",
    "Nar Doma": "なるどま",
    "Narara Superboard": "なららスーパーボード",
    "Negibouzu no Asatarou": "ねぎ坊主のあさ太郎",
    "Neko Enikki": "ねこ絵日記",
    "Neko Konogoro": "ねここのごろ",
    "Neko mo, Onda-ke": "ねこも、隠田家",
    "Neko Neko Nihonshi": "ねこねこ日本史",
    "Neko no Dayan": "ねこのダヤン",
    "Neko no Dayan: Fushigi Gekijou": "ねこのダヤン 不思議劇場",
    "Neko no Dayan: Nihon e Iku": "ねこのダヤン 日本へ行く",
    "Neko Pitcher": "ねこピッチャー",
    "Nekoronde TV.": "ねころんでTV.",
    "Nepos Napos": "ネポス・ナポス"
}
