{
    "Nihon Meisaku Douwa Series: Akai Tori no Kokoro": "日本名作童話シリーズ 赤い鳥のこころ",
    "Nihon Omoshiro Mukashibanashi": "日本おもしろ昔話",
    "Nihon-ichi no Otoko no Tamashii": "日本一の男の魂",
    "Nihon-ichi no Otoko no Tamashii 2": "日本一の男の魂2",
    "Nikoniko, Pun": "にこにこ、ぷん",
    "Ninja-tai Gatchaman ZIP!": "忍者隊ガッチャマンZIP!",
    "Ninjaman Ippei": "忍者マン一平",
    "Ninpen Manmaru": "忍ペンまん丸",
    "Nippon Tanjou": "日本誕生",
    "Nobara no Julie": "野ばらのジュリー",
    "Non-tan to Issho": "のんたんといっしょ",
    "Noobow": "ヌーボー",
    "Norakuro": "のらくろ",
    "Norakuro-kun": "のらくろくん",
    "Noramimi": "のらみみ",
    "Noramimi 2": "のらみみ2",
    "Norasco (TV)": "のらスコ（TV）",
    "Notteke Explet's": "のってけエクスプレッツ",
    "Nukko.": "ぬっこ。",
    "Nunbori": "ぬんぼり",
    "Nyamen": "にゃーめん",
    "Nyanfuru": "にゃんふる",
    "Nyani ga Nyandaa Nyandaa Kamen": "にゃにがにゃんだーニャンダー仮面",
    "Nyanpuku Nyaruma": "にゃんぷくニャルマ",
    "Nyuru Nyuru!! Kakusen-kun": "にゅるにゅる!!かくせんくん",
    "Nyuru Nyuru!! Kakusen-kun 2nd Season": "にゅるにゅる!!かくせんくん セカンドシーズン",
    "Obocchama-kun": "おぼっちゃまくん",
    "Ocha-ken: Hotto Monogatari": "お茶犬 ほっと物語",
    "Ocha-ken: Ryokutto Monogatari": "お茶犬 りょくっと物語",
    "Oden-kun": "おでんくん",
    "Odoriko Clinoppe": "おどりこクリノッペ",
    "Oh! Family": "オー！ファミリー",
    "Oh! My Konbu": "オー！マイこんぶ",
    "Ohayou! Kokekkou-san": "おはよう！コケッコーさん",
    "Oi! Ryouma": "おーい！竜馬",
    "Ojamanga Yamada-kun": "おじゃまんが山田くん",
    "Okawari-Boy Starzan S": "おかわりボーイ スターザンS",
    "Omakase Scrappers": "おまかせスクラッパーズ",
    "Omakase! Miracle Cat-dan": "おまかせ！ミラクルキャット団",
    "Omoikkiri Kagaku Adventure Sou Nanda!": "おもいっきり科学アドベンチャー そーなんだ！"
}
