{
    "Ongaku Sekai Ryokou": "音楽世界旅行",
    "Oniku Daisuki! Zeushi-kun": "お肉大好き！ゼウシくん",
    "Only You: Viva! Cabaret Club": "オンリーユー ビバ！キャバレークラブ",
    "Ookami Shounen Ken": "狼少年ケン",
    "Oraa Guzura Dado": "おらぁグズラだど",
    "Ore wa Chokkaku": "俺は直角",
    "Ore-tachi Ijiwaru Kei": "俺たちいじわる系",
    "Origami Warriors": "おりがみウォリアーズ",
    "Otanoshimi Anime Gekijou": "お楽しみアニメ劇場",
    "Otenki Boys": "お天気ボーイズ",
    "Otogi Manga Calendar": "おとぎマンガカレンダー",
    "Otoko Doahou! Koushien": "男どアホウ！甲子園",
    "Otoko Ippiki Gaki Daishou": "男一匹ガキ大将",
    "Ougon Senshi Gold Lightan": "黄金戦士ゴールドライタン",
    "Ousama Monogatari": "王様物語",
    "Oyo Neko Bunyan": "およねこぶにゃん",
    "Paboo & Mojies": "パブー＆モジーズ",
    "Pac-World": "パックワールド",
    "Pachislo Kizoku Gin": "パチスロ貴族ギン",
    "Panda no Taputapu": "パンダのたぷたぷ",
    "Paniponi": "ぱにぽに",
    "Panpaka Pants": "パンパカパンツ",
    "Panpaka Pants O-New!": "パンパカパンツ O-New!",
    "Panpaka Pants W-O-New!": "パンパカパンツ W-O-New!",
    "Pants Pankurou": "パンツぱんくろう",
    "Paris no Isabelle": "パリのイザベル",
    "Patta Potta Monta": "ぱったぽったモン太",
    "Peach Command Shin Momotarou Densetsu": "ピーチコマンド 新桃太郎伝説",
    "Pecola": "ペコラ",
    "Penguin no Mondai": "ペンギンの問題",
    "Penguin no Mondai DX?": "ペンギンの問題 DX?",
    "Penguin no Mondai Max": "ペンギンの問題 Max",
    "PePePePengiin": "ぺぺぺペンギン",
    "Petit Petit Muse": "ぷちぷち・ミューズ",
    "Pi Po Pa Po Patrol-kun": "ピポパポパトルくん",
    "Pic-lele": "ピクレレ",
    "Picchipichi Shizuku-chan": "ぴっちぴちしずくちゃん",
    "Pichiko Dakyuubu": "ぴちこ打球部",
    "Pikaia!": "ピカイア！",
    "PikkaPika Summer": "ピッカピカサマー"
}
