{
    "Pinch to Punch": "ピンチとパンチ",
    "Pink Lady Monogatari: Eikou no Tenshi-tachi": "ピンク・レディー物語 栄光の天使たち",
    "Piroppo": "ピロッポ",
    "Pittanko! Nekozakana": "ぴったんこ！ネコざかな",
    "Play Ball 2nd": "プレイボール2nd",
    "Poka Poka Mori no Rascal": "ぽかぽか森のラスカル",
    "Porong Porong Pororo 2": "ポロンポロン ポロロ 2",
    "Porong Porong Pororo 3": "ポロンポロン ポロロ 3",
    "Porong Porong Pororo 4": "ポロンポロン ポロロ 4",
    "Porong Porong Pororo 5": "ポロンポロン ポロロ 5",
    "Pororo's English Show": "ポロロの英語ショー",
    "Pororo-wa Noraehaeyo": "ポロロは歌えるよ",
    "Pro Golfer Saru (1985)": "プロゴルファー猿 (1985)",
    "Pururun! Shizuku-chan": "ぷるるんっ！しずくちゃん",
    "Pururun! Shizuku-chan Aha": "ぷるるんっ！しずくちゃん あはっ",
    "Puu-Neko": "ぷーねこ",
    "Puu-Neko Shougekijou": "ぷーねこ衝撃劇場",
    "Pyun Pyun Maru": "ピュンピュン丸",
    "Qin Shiming Yue Zhi: Wanli Changcheng": "秦失明月之万里長城",
    "Rainbow Sea": "レインボーシー",
    "Rainbow Sentai Robin": "レインボー戦隊ロビン",
    "Ranpou": "乱暴",
    "Rerere no Tensai Bakabon": "れれれの天才バカボン",
    "Revbahaf Wang-gug Jaegeon-soelgi": "レブバハフ 王国再建叙事",
    "RGB Adventure": "RGBアドベンチャー",
    "Ribbon-chan": "りぼんちゃん",
    "Rita to Nantoka": "リタとナントカ",
    "Robby to Kerobby": "ロビーとケロビー",
    "Robin-kun to 100 nin no Otomodachi Season 2": "ロビンくんと100人のお友達 シーズン2",
    "Robocar Poli": "ロボカーポリー",
    "Robocar Poli 2": "ロボカーポリー2",
    "RoboDz": "ロボッツ",
    "Robokko Beeton": "ロボっ子ビートン",
    "Robot Pulta": "ロボットプルタ",
    "Robotan": "ロボタン",
    "Roppou Yabure-kun": "六法やぶれくん",
    "Rose O'Neill Kewpie": "ローズ・オニール キューピー",
    "RPG Densetsu Hepoi": "RPG伝説ヘポイ",
    "Rusuden Hour: Sodan Brothers": "るすでんアワー 相談ブラザーズ",
    "Ryouma 30 Seconds": "竜馬30秒"
}
