{
    "Working'!!": "ワーキング'!!",
    "Gate: Jieitai Kanochi nite, Kaku Tatakaeri": "ゲート 自衛隊 彼の地にて、斯く戦えり",
    "Gate: Jieitai Kanochi nite, Kaku Tatakaeri 2nd Season": "ゲート 自衛隊 彼の地にて、斯く戦えり 第2クール",
    "Ghost Hunt": "ゴーストハント",
    "Gungrave": "ガングレイヴ",
    "Jungle wa Itsumo Hare nochi Guu": "ジャングルはいつもハレのちグゥ",
    "Kyou kara Maou! 3rd Series": "今日からマ王！第3シリーズ",
    "Lupin III (2015)": "ルパン三世 (2015)",
    "Maria-sama ga Miteru 4th": "マリア様がみてる 4th",
    "Musekinin Kanchou Tylor": "無責任艦長タイラー",
    "Seikai no Senki II": "星界の戦旗 II",
    "Uchouten Kazoku": "有頂天家族",
    "Baby Steps": "ベイビーステップ",
    "Jormungand": "ヨルムンガンド",
    "Kindaichi Shounen no Jikenbo (TV)": "金田一少年の事件簿",
    "Mobile Suit Gundam: Iron-Blooded Orphans": "機動戦士ガンダム 鉄血のオルフェンズ",
    "Shin Mazinger Shougeki! Z-hen": "真マジンガー 衝撃！Z編",
    "Tentai Senshi Sunred": "天体戦士サンレッド",
    "Yuusha-Ou GaoGaiGar": "勇者王ガオガイガー",
    "Bleach": "ブリーチ",
    "Chuunibyou demo Koi ga Shitai!": "中二病でも恋がしたい！",
    "City Hunter 3": "シティーハンター3",
    "Danganronpa 3: The End of Kibougamine Gakuen - Zetsubou-hen": "ダンガンロンパ3 -The End of 希望ヶ峰学園- 絶望編",
    "Dragon Ball Kai": "ドラゴンボール改",
    "Kami nomi zo Shiru Sekai": "神のみぞ知るセカイ",
    "Kyousou Giga (TV)": "京騒戯画",
    "Magic Kaito 1412": "まじっく快斗1412",
    "Nejimaki Seirei Senki: Tenkyou no Alderamin": "ねじ巻き精霊戦記 天鏡のアルデラミン",
    "Plastic Memories": "プラスティック・メモリーズ",
    "Seto no Hanayome": "瀬戸の花嫁",
    "Sidonia no Kishi: Daikyuu Wakusei Seneki": "シドニアの騎士 第九惑星戦役",
    "Tanoshii Muumin Ikka": "楽しいムーミン一家",
    "Tasogare Otome x Amnesia": "黄昏乙女×アムネジア",
    "Free!: Eternal Summer": "Free!-Eternal Summer-",
    "Last Exile": "ラストエグザイル",
    "Naruto: Shippuuden": "NARUTO-ナルト- 疾風伝",
    "Yuru Yuri♪♪": "ゆるゆり♪♪",
    "3-gatsu no Lion": "3月のライオン",
    "91 Days": "91Days",
    "Akagami no Shirayuki-hime": "赤髪の白雪姫"
    }