{
    "Ryuuichi Manga Gekijou Onbu Obake": "竜一まんが劇場 おんぶおばけ",
    "Sabaku no Kaizoku! Captain Kuppa": "砂漠の海賊！キャプテンクッパ",
    "Sabu to Ichi Torimono Hikae": "佐武と市捕物控",
    "Saikin Ponta": "最近ポン太",
    "Saikyou Robot Daioja": "最強ロボ ダイオージャ",
    "Sakura Momoko Gekijou: Coji-Coji": "さくらももこ劇場 コジコジ",
    "Sakuran Boy DT": "さくらんボーイDT",
    "Sanchoume no Yuuhi": "三丁目の夕日",
    "Sasurai-kun": "さすらいくん",
    "Scarecrowman": "スケアクロウマン",
    "Sekai Meisaku Douwa Series": "世界名作童話シリーズ",
    "Sekai Monoshiri Ryoko": "世界ものしり旅行",
    "Sekai no Fushigi Tanken Series": "世界のふしぎ探検シリーズ",
    "Sennin Buraku": "仙人部落",
    "Setsuzoku Muyou": "接続無用",
    "Shaolin Wuzang": "少林武藏",
    "Shiawase Haitatsu Taneko": "しあわせ配達たねこ",
    "Shibawanko no Wa no Kokoro": "しばわんこの和のこころ",
    "Shima Kousaku no Asia Risshi-den": "島耕作のアジア立志伝",
    "Shima Kousaku no Asia Shinseki-den": "島耕作のアジア新世紀伝",
    "Shimajirou Hesoka": "しまじろうへそか",
    "Shimajirou no Wow!": "しまじろうのわお！",
    "Shin Bikkuriman": "新ビックリマン",
    "Shin Dokonjou Gaeru": "新ど根性ガエル",
    "Shin Don Chuck Monogatari": "新ドン・チャック物語",
    "Shin Kyojin no Hoshi": "新巨人の星",
    "Shin Kyojin no Hoshi II": "新巨人の星II",
    "Shin Obake no Q-tarou": "新オバケのQ太郎",
    "Shin Pro Golfer Saru": "新プロゴルファー猿",
    "Shin Skyers 5": "新スカイヤーズ5",
    "Shinkai Densetsu Meremanoid": "深海伝説メレマノイド",
    "Shinken Densetsu: Tight Road": "真剣伝説タイトロード",
    "Shiodome Cable TV": "汐留ケーブルテレビ",
    "Shiritori Oukoku": "しりとり王国",
    "Shiro Hon": "しろ本",
    "Shisukon Ouji": "シスコン王子",
    "Shounen Ashibe (TV)": "少年アシベ (TV)",
    "Shounen Ashibe 2": "少年アシベ2",
    "Shounen Ninja Kaze no Fujimaru": "少年忍者風のフジ丸",
    "Shounen Santa no Daibouken!": "少年サンタの大冒険！"
}
