{
    "Shounen Tokugawa Ieyasu": "少年徳川家康",
    "Shouwa Ahozoushi Akanuke Ichiban!": "昭和アホ草紙あかぬけ一番！",
    "Shuukan Shimakou": "週刊しまこう",
    "Shuukan Shimakou: Sono Toki, Shimakou ga Ugoita!": "週刊しまこう その時、しまこうが動いた！",
    "Shuukan Storyland": "週刊ストーリーランド",
    "Silk Road Shounen Yuuto": "シルクロード少年 ユート",
    "Skyers 5": "スカイヤーズ5",
    "Slippy Dandy": "スリッピー・ダンディ",
    "Sobakasu Pucchi": "そばかすプッチ",
    "Soccer Fever": "サッカーフィーバー",
    "Sockies: Frontier Quest": "ソッキーズ フロンティアクエスト",
    "Sore Ike! Sabuibo Mask": "それいけ！さぶいぼマスク",
    "Sore Ike! Zukkoke Sannin-gumi": "それいけ！ズッコケ三人組",
    "Sougen no Shoujo Laura": "草原の少女ローラ",
    "Souya Monogatari": "宗谷物語",
    "Space Oz no Bouken": "スペースオズの冒険",
    "Spheres": "スフィアーズ",
    "Spoon-hime no Swing Kitchen": "スプーン姫のスウィングキッチン",
    "Stray Sheep: Poe no Chicchana Daibouken": "ストレイシープ ポーのちっちゃな大冒険",
    "Sue Cat": "スーキャット",
    "Sugar Bunnies": "シュガーバニーズ",
    "Sugar Bunnies Chocolate!": "シュガーバニーズ ショコラ！",
    "Sugar Bunnies Fleur": "シュガーバニーズフルール",
    "Sukima no Kuni no Polta": "すきまの国のポルタ",
    "Sumiko (TV)": "すみっコぐらし",
    "Super Bikkuriman": "スーパービックリマン",
    "Super Zugan": "スーパーズーガン",
    "Surf Side High-School": "サーフサイドハイスクール",
    "Sushi Azarashi": "すしアザラシ",
    "Susie-chan to Marvy": "スージーちゃんとマービー",
    "Tachumaru Gekijou": "たちゅまる劇場",
    "Taeng-gu & Ulasyong": "たえんぐ＆ウラション",
    "Takoyaki Mant-Man": "たこ焼きマントマン",
    "Talpy": "タルピー",
    "Tam Mao Phieu Luu Ky Ta": "タムマオ フィール・ルー・キータ",
    "Tama & Friends: Uchi no Tama Shirimasenka?": "たま＆フレンズ うちのたま知りませんか？",
    "Tamagotchi! Miracle Friends": "たまごっち！ミラクルフレンズ",
    "Tamagotchi! Tamatomo Daishuu GO": "たまごっち！たまたも大集合GO",
    "Tamagotchi! Yume Kira Dream": "たまごっち！ゆめキラドリーム",
    "Tantei Shounen Kageman": "探偵少年カゲマン"
}