{
    "Tatakae! Osper": "戦え！オスパー",
    "Teach": "ティーチ",
    "Telemonster": "テレモンスター",
    "Tensai? Dr. Hamax": "天才？ドクターハマックス",
    "Tetsujin 28-gou Gao!": "鉄人28号ガオ！",
    "The Adventures of Hello Kitty & Friends": "ハローキティと友達の冒険",
    "The Adventures of T-Rex": "T-レックスの冒険",
    "The Arari Show": "アラリショー",
    "The Legend of Huainanzi": "淮南子の伝説",
    "The Legend of Huainanzi 2nd Season": "淮南子の伝説 第2シーズン",
    "The Marshmallow Times": "マシュマロタイムズ",
    "The Olympic Adventures of Fuwa": "福娃のオリンピック冒険",
    "The Primitives: Bongo and Grunge": "プリミティブ：ボンゴとグランジ",
    "The World of Golden Eggs": "ゴールデンエッグスの世界",
    "Tick & Tack": "ティック＆タック",
    "Tobidase! Bacchiri": "とびだせ！バッチリ",
    "Tobidase! Machine Hiryuu": "飛び出せ！マシン飛竜",
    "Toko-chan Chokkin": "トコちゃんチョッキン",
    "Tomodachi 8-nin": "友達8人",
    "Tomodachi de Iyou ne": "友達でいようね",
    "Ton-Ton Atta to Niigata no Mukashibanashi": "トントンあったと新潟の昔ばなし",
    "Tonari no Tamageta-kun": "となりのたまげたくん",
    "Tonde Mon Pe": "とんでモン・ペ",
    "Totsugeki! Pappara-tai": "突撃！パッパラ隊",
    "Touma Kishinden Oni": "闘魔鬼神伝ONI",
    "Train Heroes": "トレインヒーローズ",
    "Treasure Gaust": "トレジャーガウスト",
    "Tsuideni Tonchinkan": "ついでにとんちんかん",
    "Tsuri Baka Nisshi": "釣りバカ日誌",
    "Tsuruhime Ja!": "つる姫じゃ〜っ！",
    "Turuturutu Narongi": "てゅるてゅるてゅ ナロンギ",
    "Uchi no 3 Shimai": "うちの3姉妹",
    "Uchuu Ace": "宇宙エース",
    "Uchuu Majin Daikengou": "宇宙魔神ダイケンゴー",
    "Uchuu Patrol Hopper": "宇宙パトロールホッパー",
    "Uchuu Shounen Soran": "宇宙少年ソラン",
    "Uchuujin Pipi": "宇宙人ピピ",
    "UFO Senshi Dai Apolon 2": "UFO戦士ダイアポロン2",
    "Ukkari Pénélope": "うっかりペネロペ",
    "Ukkari Pénélope (2013)": "うっかりペネロペ (2013)"
}