{
    "Ultra B": "ウルトラB",
    "Ultraman Kids: Haha wo Tazunete 3000-man Kounen": "ウルトラマンキッズ 母をたずねて3000万光年",
    "Umeboshi Denka": "うめぼしデンカ",
    "Uniminipet": "ユニミニペット",
    "Unko-san: Tsuiteru Hito ni Shika Mienai Yousei": "うんこさん ついてる人にしか見えない妖精",
    "Unko-san: Tsuiteru Hito ni Shika Mienai Yousei Junjou Ha": "うんこさん ついてる人にしか見えない妖精 純情派",
    "Urikupen Kyuujo-tai": "うりくぺん救助隊",
    "Uwabaki Cook": "うわばきクック",
    "Uwabaki Cook no Tekitou Uranai!": "うわばきクックの適当占い！",
    "Wa Wa Wa Wappi-chan": "わーわーわー わっぴーちゃん",
    "Wa Wa Wa Wappi-chan 2nd Season": "わーわーわーわっぴーちゃん セカンドシーズン",
    "Wala! Pyeon-uijeom The Animation": "わら！ピョン一丁 The Animation",
    "Wankorobee": "わんころべえ",
    "Wanpaku Tanteidan": "わんぱく探偵団",
    "Wansa-kun": "わんさくん",
    "Warai no Show Gakkou": "わらいのしょう学校",
    "Warera Salaryman Tou": "われらサラリーマン謄",
    "Washimo": "わしも",
    "Washimo 2nd Season": "わしも セカンドシーズン",
    "Washimo 3rd Season": "わしも サードシーズン",
    "Washimo 4th Season": "わしも フォースシーズン",
    "Wei Qi Shao Nian": "囲碁少年",
    "Wei Qi Shao Nian 2": "囲碁少年2",
    "What's Michael? (TV)": "ホワッツマイケル？（TV）",
    "Witch Village Story": "ウィッチビレッジストーリー",
    "Wonder 3": "ワンダースリー",
    "Wonder Bebil-kun": "ワンダーベビルくん",
    "Wrestler Gundan Seisenshi Robin Jr.": "レスラー軍団星戦士ロビンJr.",
    "Wu Lan Qi Qi Ge": "無欄棋棋歌",
    "X Bomber": "Xボンバー",
    "Xi Yang Yang Yu Hui Tai Lang": "喜羊羊与灰太狼",
    "Xi You Ji": "西遊記",
    "Xiang Qi Master": "象棋マスター",
    "Xiao Taiji": "小太極",
    "Xing Mao Lixian Ji Zhi Shu Fa Pian": "星猫歴険記 之 書法編",
    "Xiong Chu Mo": "熊出没",
    "Xiong Chu Mo Zhi Chunri Dui Dui Peng": "熊出没之春日对对碰",
    "Xiong Chu Mo Zhi Conglin Zhongdongyuan": "熊出没之丛林中动园",
    "Xiong Chu Mo Zhi Dongri Le Fantian": "熊出没之冬日乐翻天",
    "Xiong Chu Mo Zhi Huanqiu Da Maoxian": "熊出没之环球大冒险"
}