{
    "Yakyuubu Aruaru": "野球部あるある",
    "Yakyuukyou no Uta": "野球狂の詩",
    "Yanbo Ninbo Tonbo": "やんぼう にんぼう とんぼう",
    "Yancharu Moncha": "やんちゃる モンちゃ",
    "Yasai no Yousei: N.Y.Salad": "野菜の妖精 N.Y.サラダ",
    "Yasai no Yousei: N.Y.Salad 2nd Series": "野菜の妖精 N.Y.サラダ 第2シリーズ",
    "Yasamura Yasashi no Yasashii Sekai": "安村安治のやさしい世界",
    "Yattokame Tanteidan": "やっとかめ探偵団",
    "Yeonghongibyeong Lazenca": "勇者王ラゼンカ",
    "Yeongsimi": "英心身",
    "Yoligongju Loopy": "요리공주 루피",
    "Yoshimoto Muchikko Monogatari": "よしもと無鉄砲物語",
    "Youkaiden Nekome Kozou": "妖怪伝 猫目小僧",
    "Yousei Dick": "妖精ディック",
    "Youyou no Neko Tsumami": "ようようの猫つまみ",
    "Yowamushi Monsters": "弱虫モンスターズ",
    "Yume Miru, Anime: on-chan": "夢見る、アニメ onちゃん",
    "Yume wo Kanaeru Zou": "夢をかなえるゾウ",
    "Yuusei Kamen": "遊星仮面",
    "Yuusei Shounen Papii": "遊星少年パピイ",
    "Yuuto-kun ga Iku": "勇人くんが行く",
    "Yuuyake Banchou": "夕焼け番長",
    "Zenmai Zamurai": "ぜんまいざむらい",
    "Zero Tester": "ゼロテスター",
    "Zero Tester: Chikyuu wo Mamore!": "ゼロテスター 地球を守れ!",
    "Zettai Yareru Greece Shinwa": "絶対やれるギリシャ神話",
    "Zettai Zetsumei Dangerous Jiisan": "絶体絶命でんぢゃらすじーさん",
    "Zettai Zetsumei Dangerous Jiisan (2004)": "絶体絶命でんぢゃらすじーさん (2004)",
    "Zettai Zetsumei Dangerous Jiisan (2005)": "絶体絶命でんぢゃらすじーさん (2005)",
    "Zhan Long Si Qu": "斬龍四駆",
    "Zinba": "ジンバ",
    "Zoobles!": "ズーブルズ！",
    "Zukkoke Knight: Don De La Mancha": "ずっこけナイト ドンデラマンチャ",
    "Zumomo to Nupepe": "ずももとぬぺぺ",
    "Gintama (2017)": "銀魂 (2017)",
    "One Punch Man 2": "ワンパンマン 2",
    "Shingeki no Kyojin Season 2": "進撃の巨人 Season 2",
    "Boku no Hero Academia 2nd Season": "僕のヒーローアカデミア 2ndシーズン",
    "Kono Subarashii Sekai ni Shukufuku wo! 2": "この素晴らしい世界に祝福を！2",
    "Ao no Exorcist: Kyoto Fujouou-hen": "青の祓魔師 京都不浄王篇"
    }