{
    "Super Lovers 2": "SUPER LOVERS 2",
    "Saenai Heroine no Sodatekata ♭": "冴えない彼女の育てかた♭",
    "Dungeon ni Deai wo Motomeru no wa Machigatteiru Darou ka Gaiden: Sword Oratoria": "ダンジョンに出会いを求めるのは間違っているだろうか 外伝 ソード・オラトリア",
    "Masamune-kun no Revenge": "政宗くんのリベンジ",
    "Kantai Collection: KanColle Zoku-hen": "艦隊これくしょん -艦これ- 続編",
    "Fate/Extra Last Encore": "Fate/Extra Last Encore",
    "Yowamushi Pedal: New Generation": "弱虫ペダル NEW GENERATION",
    "Kekkai Sensen & Beyond": "血界戦線 & BEYOND",
    "Mekakucity Reload": "メカクシティリロード",
    "Fuuka": "風夏",
    "Little Witch Academia (TV)": "リトルウィッチアカデミア",
    "Kuzu no Honkai": "クズの本懐",
    "ChäoS;Child": "カオスチャイルド",
    "Eromanga-sensei": "エロマンガ先生",
    "Berserk (2017)": "ベルセルク (2017)",
    "Hand Shakers": "ハンドシェイカー",
    "Zero kara Hajimeru Mahou no Sho": "ゼロから始める魔法の書",
    "FLCL (TV)": "フリクリ",
    "Shingeki no Bahamut: Manaria Friends": "神撃のバハムート マナリアフレンズ",
    "Full Metal Panic! IV": "フルメタル・パニック！Invisible Victory",
    "Granblue Fantasy The Animation": "グランブルーファンタジー ジ・アニメーション",
    "Touken Ranbu": "刀剣乱舞",
    "6HP (Six Hearts Princess)": "6HP(シックスハートプリンセス)",
    "ACCA: 13-ku Kansatsu-ka": "ACCA 13区監察課",
    "Akiba's Trip The Animation": "アキバズトリップ ジ・アニメーション",
    "Alice in Deadly School": "ありすorありす",
    "Alice to Zouroku": "アリスと蔵六",
    "Atom: The Beginning": "アトム ザ・ビギニング",
    "ēlDLIVE": "エルドライブ 【ēlDLIVE】",
    "BanG Dream!": "BanG Dream！（バンドリ！）",
    "Cardcaptor Sakura: Clear Card-hen": "カードキャプターさくら クリアカード編",
    "Centaur no Nayami": "セントールの悩み",
    "Chain Chronicle: Haecceitas no Hikari": "チェインクロニクル〜ヘクセイタスの閃（ひかり）〜",
    "Chiruran: Nibun no Ichi": "ちるらん にぶんの壱",
    "Chou Shounen Tanteidan Neo": "超・少年探偵団NEO",
    "Cinderella Girls Gekijou": "シンデレラガールズ劇場",
    "Clockwork Planet": "クロックワーク・プラネット",
    "Death March kara Hajimaru Isekai Kyousoukyoku": "デスマーチからはじまる異世界狂想曲",
    "Demi-chan wa Kataritai": "亜人ちゃんは語りたい",
    "Dies Irae": "ディエス・イレ"
    }