{
    "Ensemble Stars!": "あんさんぶるスターズ！",
    "Escha Chron": "エスカクロン",
    "Finis": "フィニス",
    "Frame Arms Girl": "フレームアームズ・ガール",
    "Fukumenkei Noise": "覆面系ノイズ",
    "Gabriel DropOut": "ガヴリールドロップアウト",
    "Gan Gan Ganko-chan": "がんがんがんこちゃん",
    "Gin no Guardian": "銀のガーディアン",
    "Hajimete no Gal": "はじめてのギャル",
    "High Score Girl": "ハイスコアガール",
    "Hinako Note": "ひなこのーと",
    "Idol Jihen": "アイドル事変",
    "Inazuma Eleven: Ares no Tenbin": "イナズマイレブン アレスの天秤",
    "Infini-T Force": "インフィニティ フォース",
    "Island": "ISLAND",
    "Kabukibu!": "カブキブ！",
    "Kaitou Tenshi Twin Angel (TV)": "快盗天使ツインエンジェル",
    "Kemono Friends": "けものフレンズ",
    "Kenka Banchou Otome: Girl Beats Boys": "喧嘩番長 乙女 -Girl Beats Boys-",
    "Knight's & Magic": "ナイツ＆マジック",
    "Kobayashi-san Chi no Maid Dragon": "小林さんちのメイドラゴン",
    "Kyoukai no Rinne (TV) 3rd Season": "境界のRINNE 第3シリーズ",
    "Marginal#4: Kiss kara Tsukuru Big Bang": "MARGINAL#4 KISSから創造るBig Bang",
    "Megaton-kyuu Musashi": "メガトン級ムサシ",
    "Minami Kamakura Koukou Joshi Jitensha-bu": "南鎌倉高校女子自転車部",
    "Minna Atsumare! Falcom Gakuen 3rd Season": "みんな集まれ！ファルコム学園",
    "Mori no Yousei: Kinoko no Musume": "森の妖精 キノコの娘",
    "Netsuzou TRap": "捏造トラップ―NTR―",
    "Nil Admirari no Tenbin: Teito Genwaku Kitan": "ニル・アドミラリの天秤 帝都幻惑綺譚",
    "Ninja Bear": "ニンジャベア",
    "Nora to Oujo to Noraneko Heart": "ノラと皇女と野良猫ハート",
    "Nyanko Days": "にゃんこデイズ",
    "One Room": "One Room",
    "Onihei": "鬼平",
    "Piace: Watashi no Italian": "ピアシェ～私のイタリアン～",
    "Reikenzan: Hoshikuzu-tachi no Utage 2nd Season": "霊剣山 星屑たちの宴 第2期",
    "Renai Boukun": "恋愛暴君",
    "Rokudenashi Majutsu Koushi to Akashic Records": "ロクでなし魔術講師と禁忌教典",
    "Room Mate: One Room Side M": "Room Mate 男子寮のサイドM",
    "Saiyuuki Reload Blast": "最遊記RELOAD BLAST"
    }