{
    "Sakura Quest": "サクラクエスト",
    "Sakurada Reset": "サクラダリセット",
    "Saredo Tsumibito wa Ryuu to Odoru": "されど罪人は竜と踊る",
    "Schoolgirl Strikers: Animation Channel": "スクールガールストライカーズ Animation Channel",
    "Seiren": "セイレン",
    "Senki Zesshou Symphogear 4th Season": "戦姫絶唱シンフォギア 第4期",
    "Senki Zesshou Symphogear 5th Season": "戦姫絶唱シンフォギア 第5期",
    "Sentai Hero Sukiyaki Force": "戦隊ヒーロースキヤキフォース",
    "Shingeki no Bahamut: Virgin Soul": "神撃のバハムート VIRGIN SOUL",
    "Shishou Series": "師匠シリーズ",
    "Shouwa Genroku Rakugo Shinjuu: Sukeroku Futatabi-hen": "昭和元禄落語心中 -助六再び篇-",
    "Shuumatsu Nani Shitemasu ka? Isogashii desu ka? Sukutte Moratte Ii desu ka?": "終末なにしてますか？忙しいですか？救ってもらっていいですか？",
    "Sin: Nanatsu no Taizai": "sin 七つの大罪",
    "Starmyu 2nd Season": "スタミュ（第2期）",
    "Sword Gai (TV)": "ソードガイ The Animation",
    "Tales of Zestiria the X (2017)": "テイルズ オブ ゼスティリア ザ クロス (2017)",
    "Tenshi no 3P!": "天使の3P！",
    "THE REFLECTION": "THE REFLECTION",
    "The Snack World (TV)": "The SNACK WORLD (TV)",
    "Tsugumomo": "つぐもも",
    "Tsukipro The Animation": "TSUKIPRO THE ANIMATION",
    "Uchouten Kazoku 2": "有頂天家族2",
    "Urara Meirochou": "うらら迷路帖",
    "Wake Up, Girls! Shin Shou": "Wake Up, Girls！ 新章",
    "Yami Shibai 4th Season": "闇芝居 第4期",
    "Youjo Senki": "幼女戦記",
    "Yuuki Yuuna wa Yuusha de Aru: Washio Sumi no Shou": "結城友奈は勇者である -鷲尾須美の章-",
    "Yuuki Yuuna wa Yuusha de Aru: Yuusha no Shou": "結城友奈は勇者である -勇者の章-"
    }